cluster,size,sources,share_post_llm,median_sigs,example_title
changeorg_treated:chg34286370,244,1,0.11885245901639344,11.0,Equestria Girls & StarLight Glimmer & House Of Mouse CrossOver
changeorg_other:chg36118963,146,1,0.7054794520547946,1.0,Women right
changeorg_treated:chg32101267,131,2,0.0,1.0,Entire Online
changeorg_treated:chg35533682,127,3,1.0,1.0,Test petition title
changeorg_other:chg34758670,115,3,0.043478260869565216,1.0,For freedom
changeorg_treated:chg37532160,93,1,0.7311827956989247,6.0,Put Billy Blazes ThanksGiving BalLoon From Rescue Heroes For Norm Spencer On The ParAde
changeorg_treated:chg36872596,82,1,0.4024390243902439,6361.0,"New York: Tell your Sister City, Seoul, Korea, you oppose the torture and killing of dogs!"
changeorg_other:chg35213057,53,2,0.6037735849056604,1.0,LGBTQ RIGHTS
changeorg_treated:chg490270756,49,1,0.5102040816326531,6.0,The Original Rescue Heroes & The Reboot Version of The Rescue Heroes On YouTube crossover
changeorg_other:chg35478717,49,1,0.7346938775510204,1.0,Human rights
changeorg_treated:chg33276625,45,3,0.1111111111111111,1.0,Helppp irann
changeorg_other:chg37768977,42,2,0.9285714285714286,1.0,Improvement of Education System in the Philippines
changeorg_other:chg33634881,37,1,0.7027027027027027,1.0,Education
changeorg_treated:chg35799029,36,3,1.0,1.0,Stop the Willow project
changeorg_other:chg35101162,32,1,0.625,1.0,The Importance of Education
changeorg_other:chg35209582,30,3,0.13333333333333333,1.0,Petition title
changeorg_treated:chg32104138,29,1,0.0,10.0,Yugioh Arc-V and Yugioh VRAINS crossover
changeorg_other:chg34721374,28,3,0.0,1.0,government
changeorg_other:chg36300199,26,1,0.7307692307692307,1.0,Crime justice
changeorg_other:chg36224562,23,1,0.8695652173913043,1.0,ANIMALS ABUSE ON A LARGE SCALE IN THE PHILIPPINES
changeorg_treated:chg490311941,23,1,1.0,1.0,Give the Beverly Hills Chihuahua Trilogy More Love
changeorg_treated:chg35595269,23,3,1.0,1.0,Stop the willow project
changeorg_other:chg35585655,23,3,1.0,1.0,Stop willow
changeorg_other:chg35407212,22,1,0.7272727272727273,1.0,Most Affected by the Problem
changeorg_other:chg34423559,21,1,0.0,1.0,electoral fraud in angola
changeorg_other:chg36363232,18,1,0.7777777777777778,1.0,Education are important
changeorg_treated:chg37439680,18,1,0.9444444444444444,5.0,Let tom thomas kiss Krystyna Kaminski
changeorg_other:chg34990808,18,1,0.4444444444444444,1.0,Human Rights
changeorg_treated:chg490335008,18,1,1.0,1.0,Florida Residents Support The P​.​A​.​W​.​S. Doctrine
changeorg_other:chg33201612,17,3,0.0,1.0,We won't watch Aquaman 2 if Amber Heard is is playing
changeorg_other:chg32054072,16,1,0.0,1.0,Postponement of 3​.​1semister exams due to covid
changeorg_other:chg31909135,16,1,0.625,1.0,HUMAN RIGHTS
changeorg_other:chg32511329,16,2,0.0625,1.0,Ethiopian Orthodox Tewahedo Church Questions Requiring an Immediate Response
changeorg_treated:chg36977863,16,1,1.0,1.0,Tell NM Representative Jack Chatfield: End Toxic Air in Our Public Schools
changeorg_treated:chg32271885,16,1,0.0,1.0,"Ensure Mask Mandates at Minnetonka Support Safety, Learning, and Choice"
changeorg_other:chg33541698,15,1,0.4666666666666667,1.0,Stop bullying
changeorg_other:chg35051709,15,2,0.6,1.0,stop animal cruelty
changeorg_other:chg33294397,15,1,0.4666666666666667,1.0,PROTECT MOTHER EARTH
changeorg_treated:chg35685712,15,3,1.0,1.0,Stop the willow project
changeorg_other:chg32007906,15,1,0.6666666666666666,1.0,Implement Measures to Reduce the Number of Abandoned Dogs on Streets
changeorg_treated:chg35588223,15,3,1.0,1.0,#STOPTHEWILLOWPROJECT help save our earth!
changeorg_other:chg35112788,14,2,0.9285714285714286,1.0,"A petition calling for an end to Bato, Toledo City's improper waste disposal"
changeorg_other:chg490310486,14,2,1.0,1.0,FREE DR AAFIA SIDDIQUI: A CALL FOR JUSTICE AND CLEMENCY
changeorg_treated:chg35580835,13,3,1.0,1.0,STOP THE WILLOW PRODJECT PLSSSSS! I want to have a future
changeorg_other:chg35427646,13,1,0.7692307692307693,1.0,Woman's right
changeorg_other:chg35491409,13,1,0.6153846153846154,1.0,Give Education to all of the children
changeorg_other:chg35484475,13,3,1.0,1.0,Free The Tate Brothers From Unjust Imprisonment
changeorg_treated:chg32420195,13,1,0.0,13.0,Put starlight Glimmer in the theme song on Equestria Girls
changeorg_other:chg35469431,13,1,0.6153846153846154,1.0,PETITION: MANDATORY ENFORCEMENT OF ANTI-BULLYING IN EVERY SCHOOL ACROSS THE COUNTRY
changeorg_other:chg37754709,13,1,1.0,1.0,BE A PART OF THE RAINBOW ADVOCATE
changeorg_other:chg490198073,12,2,1.0,1.0,Why this petition is so Vital ?
uk_2010:30020,12,1,0.0,1.0,"All agreements, treaties made by EU states must be reviewed by Council of Ministers at 2 y"
changeorg_treated:chg36023918,12,1,1.0,2.0,Reduce Waste in D155 Schools
changeorg_treated:chg35573067,12,1,0.08333333333333333,1.0,We are writing to inform you of our discontent with Premier Doug Ford and the Progressive
uk_2010:30015,11,1,0.0,1.0,"Strict checks at Scottish borders in place from day 1, should Scotland choose independence"
changeorg_other:chg490039591,11,1,1.0,1.0,Package food and help for nutrition to poor
changeorg_treated:chg32883873,11,2,0.0,1.0,We Want Imran Khan to stay as our Prime Minister
changeorg_treated:chg35578933,11,2,1.0,1.0,SAY NO TO THE WILLOW PROJECT!! KEEP EVERYONE SAFE
changeorg_other:chg35065735,11,1,0.0,1.0,Why does Baclayon National High School Lacks of Budget for Classrooms?
changeorg_other:chg490296976,11,1,0.7272727272727273,1.0,"""Save Boracay's last remaining Wildlife, Forest and Puka shell Beach"""
changeorg_treated:chg33452222,11,1,0.0,10.0,Have Robin & Starfire finally get married in the original Teen Titans & in the comic book
changeorg_treated:chg35480218,11,1,1.0,78.0,FWBI Join Fight Against Illegal Trading
changeorg_treated:chg490278357,11,5,0.5454545454545454,9.0,CHANGE THE LAW SO THAT THE PUBLIC CAN VOTE A GOVERNMENT OUT BEFORE AN ELECTION
changeorg_treated:chg31948769,11,1,0.0,1.0,"Keep Us Safe, San Francisco, Please Support Covid Protocols"
changeorg_other:chg490316895,11,1,0.7272727272727273,1.0,Eradicate corruption in the philippines
changeorg_treated:chg34264672,11,2,0.0,1.0,UNITED AIRLINES (830) 202-9700 BOOK A FLIGHT PHONE NUMBER
changeorg_other:chg34818012,10,1,0.5,1.0,Poverty
changeorg_other:chg36459541,10,1,0.8,1.5,Family Problem
changeorg_other:chg36421678,10,1,1.0,1.0,Protecting Animal Welfare
changeorg_other:chg35592005,10,1,1.0,1.0,Sto the Willow or we goind to die.
changeorg_other:chg37848836,10,1,0.5,1.0,Women’s rights
uk_2010:8366,10,1,0.0,1.0,Convicted London rioters should loose all benefits.
changeorg_treated:chg35483375,10,2,1.0,1.0,Considering the revolution that is going on in Iran and considering that Prince Reza Pahla
changeorg_other:chg490286258,10,1,0.9,1.0,save boracay to the polluted people
uk_2010:26984,10,1,0.0,1.0,PIP breast implants - help for all British victims
uk_2010:34202,10,1,0.0,9.0,London tenants unfairly treated by housing benefit and universal credit (UC) caps
changeorg_other:chg490163865,10,1,1.0,1.0,SAVE KERALA FROM MULLAPPERIYAR DAM DISASTER
changeorg_treated:chg32149383,10,1,0.0,1.0,We call on New York to provide subwaysafety barrier before more in our community are hurt!
changeorg_treated:chg35253530,10,3,0.5,2.0,Help Baby Koalas
changeorg_other:chg37791471,10,1,1.0,1.0,LGBTQ
changeorg_other:chg35074544,10,1,0.2,1.0,"""Feeding Program in the Community: specifically, in Baclayon to Tagbilaran"""
changeorg_other:chg35099026,10,1,0.8,1.0,Stop Environmental Destruction in the Philippines
changeorg_other:chg35576885,10,1,1.0,1.0,Stop animal abbuse
changeorg_other:chg36181512,10,1,0.3,1.0,Human rights
changeorg_other:chg35436389,10,1,1.0,3.5,"Cyber-bullying has been increasing. In fact, unfortunately, it's starting to become a norm"
changeorg_other:chg35097235,10,1,0.3,1.0,The importance of human right in our life
changeorg_treated:chg35500926,9,1,1.0,1.0,Please make Bob The Builder get a Complete Series 9 on DVD!
changeorg_treated:chg35575634,9,3,1.0,2.0,STOPWILLOW
changeorg_other:chg32400287,9,2,0.0,1.0,"Keep it short and to the point Example: ""Buy organic, free-range eggs for your restaurants"
changeorg_other:chg36243465,9,1,1.0,1.0,AWARENESS IN TECHNOLOGY
changeorg_other:chg36423327,9,1,0.7777777777777778,2.0,Environmental issues in the Philippines
changeorg_other:chg490047848,9,1,0.7777777777777778,1.0,Prevent Illegal Logging
changeorg_other:chg35035527,9,1,0.5555555555555556,1.0,Rights of LGBTQ
changeorg_other:chg36495477,9,1,0.8888888888888888,1.0,Save Stray Dogs from killings
changeorg_other:chg33251818,9,2,0.0,1.0,SAVE MARIUPOL
changeorg_treated:chg37729655,9,2,0.7777777777777778,1.0,Education
changeorg_other:chg37862794,9,1,1.0,1.0,"As passionate supporters of the Iraqi football team, we were devastated by the outcome of"
changeorg_other:chg35547254,9,1,1.0,69.0,Advance Priorities of Rightsholders in Africa During UN 2023 Water Conference
changeorg_other:chg33539798,9,1,0.6666666666666666,1.0,Human rights
changeorg_other:chg35187687,9,1,0.5555555555555556,1.0,Human Rights
changeorg_other:chg490341584,8,1,1.0,1.0,Avoid the package food and help for nutrition to poor
changeorg_other:chg36356486,8,1,0.875,1.0,We Are Family
changeorg_other:chg37688254,8,1,1.0,1.0,Cyberbullying awareness
changeorg_other:chg36313244,8,1,0.875,1.0,No to cyberbullying
changeorg_other:chg35002221,8,1,0.25,1.0,Human's rights
changeorg_other:chg35208377,8,1,0.875,1.0,Animal Cruetly
changeorg_other:chg490237566,8,1,0.625,1.0,Discrimination is the unfair or prejudicial treatment of people and groups based on charac
changeorg_other:chg490003466,8,1,1.0,1.0,No to cuberbullying
changeorg_other:chg35593111,8,2,1.0,1.0,Will project
changeorg_treated:chg35508127,8,1,1.0,1.0,"Day off of school on February 13, 2023 Csms"
changeorg_other:chg37425654,8,1,1.0,1.5,Technology
changeorg_other:chg37732706,8,1,0.75,1.0,The Importance Of Education
changeorg_treated:chg490164341,8,2,1.0,1.0,Education
changeorg_treated:chg32612827,8,2,0.625,2.0,Ban hurting animals
changeorg_other:chg35010173,8,1,0.75,1.0,Evironment concern
changeorg_other:chg35030942,8,1,0.875,1.0,Save Our Mental health
changeorg_other:chg490275551,8,1,1.0,1.0,Human Rights Iran
changeorg_other:chg33140140,8,1,0.5,1.0,Give women rights or we'll fights!
changeorg_other:chg490308409,8,1,1.0,1.0,Women's Right
changeorg_other:chg37789720,8,1,1.0,1.0,Family
changeorg_other:chg35032101,8,1,0.375,1.0,Stop cutting trees
changeorg_other:chg36395932,8,1,0.875,1.0,Corruption in the Philippines
changeorg_other:chg32212234,8,1,0.625,1.0,go green breath clean
changeorg_other:chg35004989,8,1,0.25,1.0,Family
changeorg_other:chg35065497,8,1,0.875,1.0,Stop the abuse and killing of stray dogs.
changeorg_treated:chg31940964,8,1,0.0,1.0,"Support Safety For Our Children, Enforce Mask Mandates at mountain view"
changeorg_other:chg36283560,8,1,1.0,1.0,Animals
changeorg_other:chg35015176,8,1,0.625,1.0,Women’s Right
changeorg_other:chg36400854,8,1,0.25,1.0,family problems
changeorg_other:chg37776113,8,1,0.5,1.0,Food
changeorg_other:chg36213921,8,1,0.5,1.0,climate change
changeorg_other:chg35422204,8,1,0.875,1.0,Human rights
changeorg_other:chg490312156,7,1,1.0,5.0,Pre-Marital Sex and Early Pregnancy
changeorg_other:chg32188552,7,1,0.0,1.0,The situation in India is getting worse day by day!! “I am currently in class 12
changeorg_other:chg35116196,7,1,1.0,1.0,Education
uk_2015:119317,7,3,0.0,7.0,Make cannabis legal in the uk
changeorg_treated:chg36604776,7,1,1.0,10.0,Petition against ocean mining - Mamiwata’s Cobalt team (India)
changeorg_treated:chg36581745,7,1,1.0,54.0,Petition against Child Labor - Mamiwata’s Cobalt team (India)
changeorg_other:chg36535749,7,1,1.0,1.0,ANIMALS
changeorg_other:chg35099389,7,1,0.0,1.0,"Education is a purposeful activity directed at achieving certain aims, such as transmittin"
changeorg_other:chg36214247,7,1,1.0,1.0,Save student
changeorg_other:chg33504294,7,1,0.14285714285714285,1.0,There is no more Planet B. Let Earth Breathe.
changeorg_other:chg35511252,7,1,0.42857142857142855,1.0,LGBTQ Right's
changeorg_treated:chg490062331,7,1,1.0,1.0,Bring the College Advising Core to The New School
uk_2010:22333,7,1,0.0,1.0,Support The Best Policy for Children; give Both Parents Equality in Law.
uk_2019:634742,7,3,0.5714285714285714,173.0,petition​.​parliament​.​uk/petitions/613981
changeorg_other:chg36180462,7,1,0.7142857142857143,1.0,Climate change
changeorg_other:chg31968312,7,1,0.5714285714285714,1.0,Human rights
changeorg_other:chg490309256,7,1,1.0,10.0,PETITION FOR THE CLOSURE OF FOREIGN-OWNED SPAZA SHOPS
changeorg_other:chg36300243,7,1,0.8571428571428571,1.0,"""BROKEN FAMILY''"
changeorg_other:chg36252093,7,1,1.0,25.0,Release of the kernal source code of infinix hot 10S
changeorg_other:chg34461070,7,1,0.42857142857142855,1.0,Cyber bullying
changeorg_other:chg37784565,7,1,0.7142857142857143,1.0,Illegal logging
changeorg_other:chg35494816,7,2,0.5714285714285714,1.0,What is Lorem Ipsum?
changeorg_other:chg37789700,7,1,0.8571428571428571,1.0,UNHEALTHY ENVIRONMENT
changeorg_other:chg490268838,7,1,0.5714285714285714,1.0,STOP BULLYING
changeorg_other:chg37835322,7,1,0.8571428571428571,1.0,Drug addiction
changeorg_other:chg33360146,7,1,0.14285714285714285,1.0,Save mother earth
changeorg_other:chg33403065,7,1,0.5714285714285714,1.0,International Human Rights law
changeorg_other:chg36681934,7,1,0.7142857142857143,1.0,Gender Equality
changeorg_other:chg490100655,7,1,1.0,1.0,Justice for NEET Students . #ReNEET..
changeorg_other:chg490019497,7,1,1.0,1.0,"""ABANTE BABAE """
changeorg_other:chg35011610,7,1,0.0,1.0,Target:Poor
changeorg_other:chg490193279,7,1,1.0,1.0,Negative Propaganda Against Imran Khan to stop his entry for the Chancellor Election 2024
changeorg_other:chg37527652,7,1,1.0,1.0,Scam by omegapro
changeorg_other:chg37754143,7,1,0.5714285714285714,1.0,SAVE THE MOTHER EARTH
changeorg_treated:chg490328188,7,1,1.0,3.0,"2024 Hand Recount Georgia Target 2,050,000 Registered Voters"
uk_2019:314416,7,4,0.0,257.0,Myxomatosis
uk_2010:50640,7,1,0.0,1.0,Corporal Punishment
changeorg_other:chg490310734,7,1,1.0,1.0,Extrajudicial Killings( criminal injustice)
changeorg_treated:chg490162015,7,2,0.8571428571428571,2.0,The entire bee movie script
changeorg_other:chg36082872,7,1,0.8571428571428571,1.0,The importance of education
changeorg_other:chg34990931,7,1,0.2857142857142857,1.0,Human rights
changeorg_other:chg36356601,7,1,1.0,1.0,Stop! No to animal abuse
changeorg_other:chg36517675,7,1,1.0,1.0,PLEASE STOP THE USE OF OUR KODIAK BEARS FOR NASA LARS OLE MORTENSEN DANISH JOURNALIST
changeorg_other:chg33592170,7,1,0.7142857142857143,1.0,The Importancd of Education
changeorg_other:chg36272776,7,1,0.42857142857142855,1.0,Animal Cruelty/ welfare and rights
changeorg_other:chg490262950,6,1,1.0,1.0,No to Deforestation
changeorg_other:chg33008281,6,1,0.0,0.5,bullying and descrimination
changeorg_other:chg35092249,6,1,0.3333333333333333,1.0,How we should dispose our trash?
changeorg_other:chg36603114,6,1,0.6666666666666666,1.0,Human rights
changeorg_other:chg37818159,6,2,1.0,1.0,"""PROTECT AND SAFE AND ACCESSIBLE ABORTION"""
changeorg_treated:chg37803433,6,1,1.0,5.5,"Mandate Free Menstrual Products in Ottumwa Schools, Iowa"
changeorg_other:chg36217642,6,2,0.8333333333333334,1.0,GIVE THE LGBTQ COMMUNITY RIGHTS TO BE HERE.
changeorg_other:chg490003834,6,1,1.0,1.0,"Promote Waste Segregation Among Residents of Masaba, Danao City, Cebu"
changeorg_treated:chg37786701,6,1,1.0,1.0,Keep the Vaccine for Hepatitis-B Required Under The CSU Immunization Policy
changeorg_other:chg37754033,6,2,0.6666666666666666,1.0,Stop bullying
changeorg_other:chg35051890,6,1,0.0,1.0,How can we attain proper waste management in our school?
changeorg_other:chg34994474,6,1,0.16666666666666666,1.0,LGBTQ RIGHTS
changeorg_other:chg35112718,6,2,0.5,1.0,Pakistani Senator Azam Swati’s life is in danger.
changeorg_other:chg34936078,6,1,0.6666666666666666,4.0,Education should be free
changeorg_other:chg35888309,6,1,1.0,2.0,Save the Constitution and support the Chief Justice of Pakistan
changeorg_other:chg36552069,6,1,1.0,517.0,Vote to remove Islamic Republic of Iran from chairing the social committee of United Natio
changeorg_treated:chg33804408,6,1,0.0,9605.0,"Yeongju, South Korea: Shut down the illegal dog farms and slaughterhouses!"
changeorg_other:chg33088666,6,1,0.0,969.5,WE DEMAND ONLINE EXAM FOR UPCOMING SEMESTER 2022 ( VU & AUTONOMOUS COLLEGE)
changeorg_other:chg490060029,6,1,1.0,1.0,Health and Well Being
changeorg_other:chg490253476,6,1,1.0,1.0,Save mother nature
changeorg_other:chg36487063,6,1,0.6666666666666666,1.0,Environment
changeorg_other:chg36374337,6,1,1.0,1.0,Pollution
changeorg_other:chg33823571,6,2,0.0,1.0,Technoblade Passes Away from Cancer
changeorg_other:chg35056764,6,1,0.6666666666666666,1.0,Cyberbullying: What is it and how can we stop it?
changeorg_other:chg35112791,6,1,1.0,1.5,No to Cyberbullying
changeorg_other:chg35092275,6,1,0.16666666666666666,1.0,LGBTQ RIGHTS
changeorg_treated:chg35541403,6,1,1.0,2.5,Investigate the Corrupt Trial and Sentencing of Caleb Lawrence McGillvary
changeorg_treated:chg34038698,6,1,0.0,54.5,Get MIYUKI Booked for a Headlining Show in NEW YORK CITY
changeorg_treated:chg35412434,6,1,0.5,1.0,STOP GOGUARDIAN ITS CREEPY!
changeorg_treated:chg32014978,6,1,0.0,34.5,St Joe Stands with Centracare
uk_2017:229392,6,1,0.0,6.5,"For deforestation to be reduced, for text books to be made of recycled materials"
uk_2010:47942,6,1,0.0,1.0,Iain Duncan Smith to live on £53 a week
changeorg_treated:chg32364000,6,1,0.0,11.0,all saturday morning anime shows in Funimation
changeorg_treated:chg35869731,6,1,0.3333333333333333,1.5,Abolish the US government
changeorg_treated:chg37471793,6,1,1.0,5.0,RePlace Ryan Seacrest As Host & Let Johnny & Jim & Kristin Be A New Hosts On DCRNYE
changeorg_treated:chg31986353,6,1,0.0,13.5,All anime shows celebrities & wheel of Fortune celebrity crossover
changeorg_treated:chg490312657,6,1,1.0,2.0,"King to Ban Tory, Labour, LibDem Parties Seditious Treason Plot to Remove Hereditary Peers"
changeorg_other:chg37812506,6,1,1.0,1.0,Ban loud Fireworks in Canada
changeorg_treated:chg36357819,6,1,1.0,2.0,Make the State of Texas a no-kill state for honeybees
changeorg_other:chg35537284,6,1,0.8333333333333334,1.0,Lack of Education
changeorg_treated:chg37925162,6,1,1.0,1.0,Stop The Public County Trail and Save Our Greenbelt
changeorg_other:chg37710805,6,1,1.0,6.5,Stop Palestine genocide
changeorg_other:chg32241907,6,1,0.0,1.0,Cancel School Year 2021-2022 #YesToAcademicFreeze
changeorg_other:chg490050791,6,1,1.0,0.5,pokerdecks
changeorg_other:chg490251639,6,1,0.8333333333333334,1.0,Environmental issue
changeorg_other:chg32079922,6,1,0.0,54.0,Requesting Coinbase To List Donaswap
changeorg_other:chg36499839,6,1,1.0,1.5,What is the impact of human choices on our environment
changeorg_other:chg35505365,6,1,1.0,1.0,Save the habitat of the animals
changeorg_other:chg36269992,6,2,1.0,1.0,"""NO TO CYBERBULLYING"""
changeorg_other:chg34943110,6,1,0.5,1.0,Human rights are not optional
changeorg_other:chg36836267,6,2,1.0,1.0,LeanBiome Reviews: Dangers and Side Effects Exposed!
changeorg_other:chg490311071,6,1,1.0,4.5,Light up Lives is a project to address human rights violation in the Philippines
changeorg_other:chg36668963,6,1,1.0,1.0,family
changeorg_other:chg35565898,6,2,0.3333333333333333,1.0,STOP DISRESPECTING LGBTQ MEMBERS
changeorg_other:chg35537250,6,1,0.5,1.0,ban plastic bag
changeorg_other:chg490354917,6,1,1.0,1.0,Elephants-Rhinos Rescued From Circuses by Lars Ole Mortensen
changeorg_other:chg36428200,6,1,0.6666666666666666,1.0,"Keep fossil fuels in the ground,Invest in renewable energy,Improve farming"
changeorg_other:chg490265182,6,1,1.0,1.0,GENDER EQUALITY
changeorg_other:chg34131945,6,1,0.0,4.5,BEd 2nd and 4th semester against offline exam
changeorg_other:chg35002277,6,1,0.0,1.5,Normalize Approaching Guidance Council For Students' Mental Health
changeorg_other:chg36461000,6,1,0.8333333333333334,1.0,Relationship
changeorg_other:chg35058104,6,1,0.0,1.0,Grant Student
changeorg_treated:chg33455703,6,1,0.16666666666666666,2.5,Fund public schools to provide armed security.
changeorg_treated:chg490028515,6,1,1.0,1.0,PETITION FOR THE ROSS SCHOOL TO GO PHONE-FREE
changeorg_treated:chg490315285,6,1,1.0,1.0,"Arizona Stand Against a 34-Time Felon, Twice Impeached, Racist and Misogynist"
changeorg_treated:chg490156199,6,1,1.0,1.0,We DEMAND an Investigation & Removal of Corrupt Texas Poll Workers
changeorg_other:chg36436220,6,1,1.0,1.0,Let's save the world together conserve environment
changeorg_other:chg35010066,6,1,0.6666666666666666,1.0,Woman's rights
changeorg_other:chg35509217,6,1,0.8333333333333334,1.0,Why education is important
changeorg_other:chg37837154,6,1,0.8333333333333334,1.0,HUMAN RIGHTS
changeorg_treated:chg36280577,6,1,1.0,17.0,Change to a 20mph default speed limit on all residential roads in Glaisdale
changeorg_treated:chg36604440,6,1,1.0,2.0,All bill breeds
changeorg_treated:chg37814784,6,1,1.0,1163.5,Pass A Ceasefire Resolution - Birmingham
changeorg_treated:chg34537947,6,2,0.0,72.5,Call on Gold Coast City Council to sever the sister city relationship with Jining&Shandon
changeorg_other:chg37906834,5,1,0.6,2.0,Stop animal cruelty
changeorg_other:chg35019884,5,1,0.2,1.0,Education
changeorg_other:chg35502212,5,1,0.8,1.0,Title: Human Rights
changeorg_other:chg35100982,5,1,0.2,1.0,How We Prevent Bullying in our Campus?
changeorg_other:chg35182347,5,1,1.0,1.0,Stop k to12 program
changeorg_other:chg490264832,5,1,1.0,1.0,"Planet Earth: Our Home, Our Responsibility Take care of it"
changeorg_other:chg36771697,5,1,1.0,1.0,Java Burn Use & Result Facts I Bet You Didn't Know About
changeorg_other:chg35174118,5,1,0.2,1.0,Inspect San Carlos City Resorts' Drainage Systems
changeorg_other:chg32598962,5,1,0.0,9.0,Boda boda owners to be regulated and registered
changeorg_treated:chg37769742,5,2,1.0,1.0,Demand Legal Action Against Sexual Exploitation and Abuse by Albert mantell
changeorg_other:chg35459488,5,1,0.6,1.0,Animal abuse
changeorg_other:chg37754013,5,1,0.8,1.0,Stoppp Smoking
changeorg_other:chg35120884,5,1,1.0,1.0,Respect your self By Respecting other's
changeorg_other:chg35409309,5,1,0.4,1.0,Threat to Biodiversity is Just as Important as Climate Change
changeorg_other:chg35195119,5,1,1.0,1.0,SAVE THE ENVIRONMENT
changeorg_other:chg33224313,5,1,0.8,1.0,Boracay
changeorg_other:chg33402729,5,1,0.0,13.0,Save our cheetah Acinonyx Jubatus At Zoo Negara
changeorg_other:chg36227831,5,1,1.0,1.0,Family problem
changeorg_other:chg35035681,5,1,0.6,1.0,Women's Rights
changeorg_other:chg35054962,5,1,0.6,1.0,My Family
changeorg_other:chg32253116,5,1,0.4,1.0,LTO and local government unit of baranggay bagontaas
changeorg_other:chg36081574,5,1,1.0,1.0,Climate change
changeorg_other:chg490251491,5,1,1.0,1.0,No to Cyberbullying
changeorg_treated:chg34925745,5,2,0.0,1.0,Ban Ayatollah Khamenei From Twitter
changeorg_other:chg37793419,5,1,1.0,1.0,Family
changeorg_other:chg33045544,5,1,0.4,1.0,Let the Earth Breath
changeorg_other:chg35458263,5,1,1.0,1.0,Women's rights
changeorg_other:chg35117358,5,1,0.6,1.0,Stop discrimination start appreciating difference in each everyone personality
changeorg_other:chg490023228,5,1,1.0,1.0,Environmental issues
changeorg_other:chg37769274,5,1,0.8,1.0,Education
changeorg_other:chg490091403,5,1,1.0,1.0,NTA scam
changeorg_other:chg35009924,5,1,0.0,2.0,Stop Animal Abuse
changeorg_treated:chg37836838,5,1,1.0,132.0,Cancel FISD Schools 1/16
uk_2010:2335,5,1,0.0,1.0,Legalise cannabis
changeorg_treated:chg490338697,5,1,1.0,12.0,Make Yardley Wood Road Safer
changeorg_treated:chg37385394,5,1,1.0,1.0,"Petition for the Recall of Victoria Bradford, Leg Rep of the EPS Board"
changeorg_treated:chg490333179,5,1,1.0,1.0,Please supporting Zhang Junge's lawsuit against Li Hongzhi
changeorg_treated:chg37764238,5,1,1.0,1.0,Sell Fire Damaged House Florida
changeorg_treated:chg490100031,5,1,1.0,35.0,Ashford needs fully plant-based catering to reach climate goals
changeorg_other:chg35478700,5,1,0.8,1.0,Health
changeorg_other:chg490273822,5,1,1.0,1.0,TEENAGE PREGNANCY
changeorg_treated:chg37700112,5,1,0.4,1.0,No more Ixl
changeorg_treated:chg35512075,5,1,0.6,14.0,Petition to Remove the Current HOA Board President
changeorg_other:chg34990899,5,2,0.6,1.0,Animals
changeorg_other:chg36460995,5,1,1.0,1.0,Port Focus
changeorg_other:chg35101058,5,1,0.6,1.0,LGBTQ right
changeorg_other:chg35484386,5,1,0.6,1.0,Family
changeorg_treated:chg490328656,5,1,1.0,1.0,Require Investors to Maintain Their Position until 1 Million Market Cap
changeorg_other:chg35074468,5,1,0.0,1.0,WHY DOES BACLAYON NATIONAL HIGH SCHOOL ARE LACK OF CLASSROOMS?
changeorg_other:chg490308727,5,1,1.0,1.0,Free Dr Afia Sidiqui
changeorg_other:chg34969994,5,1,0.6,1.0,My own petition
changeorg_other:chg37739029,5,1,0.8,1.0,Education
changeorg_other:chg36286581,5,1,0.8,1.0,Family is the key to happiness.
changeorg_other:chg32294477,5,1,0.0,28.0,ONLINE EXAMS FOR STUDENTS- CLASS XITH
changeorg_other:chg490263909,5,1,1.0,1.0,Stop Discrimination and Racism
changeorg_other:chg490259239,5,1,1.0,1.0,Mark Lloyd Bacea
changeorg_other:chg490253763,5,1,0.8,1.0,Stop Killing Animals
changeorg_other:chg32425195,5,1,0.0,115.0,ONLINE OPTION FOR FINAL EXAMS - DPSRKP
changeorg_other:chg35558662,5,1,1.0,2.0,"UK, US, Canada, Europe, and Asia Cancel Nyesom Wike’s Visa"
changeorg_other:chg32633554,5,1,0.4,1.0,Bullying
changeorg_other:chg33564097,5,1,0.0,32.0,#enlargeEU: Candidate status for Georgia
changeorg_other:chg37750928,5,1,1.0,1.0,Stop illegal logging
changeorg_other:chg490020010,5,1,1.0,1.0,FUR PAWS (Protecting and Advocating Worthy Strays
changeorg_other:chg37839142,5,1,0.8,1.0,Stop bullying
changeorg_other:chg490254176,5,1,1.0,1.0,petition to support mental health awareness
changeorg_other:chg490277582,5,1,1.0,1.0,"""protect our Planet :Stop throwing garbage in public spaces""make a Clean up drive and hel"
changeorg_other:chg33317331,5,1,0.0,1.0,Requesting to postpone NEET-PG 2022
changeorg_other:chg490048222,5,1,1.0,1.0,Cyberbullying
changeorg_treated:chg37819606,5,2,1.0,2.0,End the Mob Vote : Put an end to the scrapping of great ideas
changeorg_other:chg37779022,5,1,1.0,1.0,Mental health
changeorg_other:chg490178497,5,1,1.0,1.0,Justice for heaven and for her mother
changeorg_other:chg490257852,5,1,0.6,2.0,A Call To Action To Save One of The World's Best Island from Verge of Extinction.
changeorg_other:chg35432699,5,1,1.0,1.0,Requesting lucknow dm and up cm shri yogi adityanath ji for holiday of class 9-12 also
changeorg_treated:chg37571379,5,2,1.0,1.0,STOP ANIMAL ABUSE
changeorg_other:chg490265876,5,1,1.0,1.0,Substance abuse
changeorg_other:chg36260454,5,1,1.0,1.0,"Social Media has helped families, social workers, and the government"
changeorg_other:chg37758520,5,1,0.8,1.0,Stop Animal Abuse
changeorg_other:chg36388508,5,1,1.0,1.0,Respect Human rights
changeorg_other:chg35048816,5,2,0.2,1.0,"Buy organic, free-range eggs for your restaurants.”"
changeorg_other:chg490246891,5,1,1.0,1.0,Petition Title: End Fossil Fuel Subsidies and Invest in Renewable Energy Petition Body:
changeorg_other:chg37697525,5,1,1.0,1.0,Stop animal abuse
changeorg_other:chg35032453,5,1,0.4,1.0,Save Mother Earth Save Nature
changeorg_other:chg35101279,5,1,0.4,1.0,Animal Rights
changeorg_other:chg37780737,5,1,1.0,1.0,STOP POVERTY IN ALL FORM
changeorg_other:chg37834130,5,1,1.0,1.0,"I change the people want to cutting trees, because plants well give oxygen to alive."
changeorg_other:chg37815381,5,1,0.4,1.0,Stop abuse
changeorg_other:chg35280639,5,1,0.2,1.0,Save Sammed Shikharji सम्मेद शिखरजी बचाओ #बचाओ_पवित्र_तीर्थ_शिखरजी #saveshikharji
changeorg_treated:chg33258986,5,2,0.4,3.0,sue spnich
changeorg_other:chg36181502,5,1,0.2,1.0,Protecting Our Planet Starts with You.
changeorg_other:chg35095684,5,1,0.8,1.0,Stop the legal killing of wildlife​.​STOP TROPHY HUNTING
changeorg_other:chg36319074,5,1,1.0,1.0,Illegal logging
changeorg_other:chg32015078,5,1,0.0,1.0,COVID-19
changeorg_other:chg36040449,5,1,1.0,1.0,STOP ANIMAL CRUELTY
changeorg_other:chg35018460,5,1,0.8,1.0,Environmental Problem PH.
changeorg_other:chg32206790,5,2,0.0,1.0,Stop TSHISEKEDI
changeorg_other:chg37923700,5,1,1.0,1.0,Education For All
changeorg_other:chg36403967,5,2,0.8,1.0,Everyone should be treated equally
changeorg_other:chg35019862,5,1,0.4,1.0,Lack of internet connection students in sepnas
changeorg_other:chg36363038,5,1,0.8,1.0,Dealing with animal cruelty
changeorg_other:chg36429579,5,1,1.0,1.0,NO to Phillips 66 Rail Spur Project in San Luis Obispo County
changeorg_other:chg36429570,5,1,1.0,1.0,Child abuse
changeorg_other:chg35078715,5,1,0.0,1.0,BACLAYON NHS CAMPAIGN FOR ANTI-BULLYING
changeorg_other:chg37927914,5,1,0.8,1.0,Stop wasting foods
changeorg_other:chg37739180,5,1,1.0,1.0,Sign the petition: Stop discrimination against the LGBTQ+ community and defend LGBTQ+ work
changeorg_other:chg35032155,5,1,0.4,1.0,Plant a tree
changeorg_other:chg37329670,5,1,1.0,0.0,ONLINE MARKETING
changeorg_other:chg37810638,5,1,1.0,1.0,Importance of education
uk_2019:614335,5,3,0.0,656.0,Do not sign any WHO Pandemic Treaty unless it is approved via public referendum.
changeorg_treated:chg35806147,5,2,1.0,2.0,Stop the TikTok Ban
changeorg_treated:chg37846990,5,2,1.0,2.0,Protect Our Coast! Save the whales stop offshore wind
changeorg_other:chg36428278,5,2,1.0,1.0,Hold the Met Police criminally accountable for the barbaric killing of two leashed dogs
changeorg_other:chg35466381,5,1,0.6,1.0,Stop! Bullying
changeorg_treated:chg35814680,5,1,1.0,1.0,Mentally Ill parents
changeorg_treated:chg35482110,5,1,1.0,2.0,"Removal of Jena Martin, Treasurer, The Bluffs at Aberdeen"
changeorg_treated:chg37916246,5,1,1.0,1.0,"Pathway from Colombians,Haitians,and Venezoleans"
changeorg_other:chg37688355,5,1,1.0,1.0,The increasing use and abuse of illegal drugs have become a growing problem in our communi
changeorg_treated:chg32975323,5,2,0.0,1.0,To open Letter to Supreme Court on the Current Situation in Pakistan
changeorg_treated:chg490186481,5,1,1.0,19.0,NFL YOU NEED TO FINE THESE REFS and suspend or fine the NFL owners for paying the refs..
changeorg_other:chg35474240,5,1,0.8,1.0,Women's right
changeorg_treated:chg37661234,5,3,1.0,1.0,Change the school week to a four day week
changeorg_treated:chg33823158,5,1,0.0,3.0,Ban of Retail Sales of Rabbits in Duval County
changeorg_treated:chg490057018,5,1,1.0,99.0,Phone Free School Days: Cincinnati Public Schools District
uk_2010:24851,5,1,0.0,1.0,"There should a new category of low security part-time prisoners, proposed as cat. E. New c"
changeorg_au:chg490186101,5,1,1.0,358.0,Petition to the Australian Government to boycott Danish and Japanese products.
uk_2017:200290,5,1,0.0,6.0,Pay Carers an allowance equivalent to a fulltime job at the National Living wage
uk_2019:304172,5,1,0.0,20.0,Close Schools/Colleges down for an appropriate amount of time amidst COVID19.
uk_2019:596081,5,1,0.0,6.0,allow regions of Scotland who voted remain in the UK to be allowed to do so
