source,quarter,n,var_lex,mean_mtld,mean_burst,mean_cos
canada,2016Q1,52,1.2096289455986136,81.45966,1.083241,0.3442202376743967
canada,2016Q2,61,0.46364162132756676,84.502945,1.0330702,0.28621032381318307
canada,2016Q3,51,1.3118312593676986,84.80694,1.0556701,0.3340300675934436
canada,2016Q4,35,0.37816654731631255,78.18689,1.0371892,0.2992766564633666
canada,2017Q1,65,0.9109097758725689,84.74889,1.0359094,0.35497430654672474
canada,2017Q2,53,0.6931500277197423,88.37722,1.0155308,0.3088311803012178
canada,2017Q3,53,0.5035416444838113,83.45185,1.0440627,0.32611163710994195
canada,2017Q4,47,1.0314410350756988,81.18558,1.0673789,0.32206241914676803
canada,2018Q1,71,0.3415117484180423,85.047066,1.0823191,0.3004197302958375
canada,2018Q2,60,1.5630408965582112,86.67222,1.0977062,0.29478577004987644
canada,2018Q3,35,1.140012343452252,86.02075,1.067639,0.2676422119140625
canada,2018Q4,44,0.296791109655247,79.15933,1.1236068,0.2928253560943281
canada,2019Q1,60,0.8975900833457463,83.347885,1.09779,0.2992696815964866
canada,2019Q2,50,0.3348134759405685,85.39787,1.1222969,0.30808890206473216
canada,2020Q1,53,1.3716037357479605,82.13183,0.9687333,0.2714733682972945
canada,2020Q2,76,1.222186943683984,89.126205,0.9608102,0.36498740748355263
canada,2020Q3,73,0.5154699151411708,86.36175,0.9467602,0.3141930752874691
canada,2020Q4,93,0.9791827945712184,82.594955,0.96665496,0.29480322881968796
canada,2021Q1,109,0.9542714595797939,87.76308,1.0471094,0.3204299662334353
canada,2021Q2,91,0.8468990841859719,82.530426,1.1220797,0.293369629502442
canada,2021Q4,50,2.1440324068548393,74.14904,0.98302734,0.32001826072225764
canada,2022Q1,87,1.0569298746197249,81.65331,1.0177277,0.33075331315991713
canada,2022Q2,58,1.2462959133079488,82.203995,0.9766592,0.29176325950922566
canada,2022Q4,36,0.5667949480261737,79.14719,0.9350417,0.3331302703373016
canada,2023Q1,64,0.7262224040525311,86.23572,0.9143475,0.2933744097512866
canada,2023Q2,54,0.7054982633311689,89.77725,0.8993375,0.3105716558705669
canada,2023Q3,43,1.251037698916703,82.732994,0.87138313,0.3298844414559974
canada,2023Q4,56,0.6644855796593389,79.987976,0.9358874,0.28454001290457587
canada,2024Q1,49,0.8535183243610889,80.65595,0.92260355,0.3181902827048788
canada,2024Q2,78,1.2123940958213093,83.57869,0.96751374,0.3104614095214681
canada,2024Q3,48,0.6372679803392636,90.190765,1.0240397,0.29055217986411236
canada,2024Q4,56,0.5727187869832779,95.47059,1.085136,0.3305374740006088
changeorg_au,2022Q1,2957,0.5530001862709805,77.19191,0.5719355,0.12840744248586683
changeorg_au,2022Q2,3013,0.8574173390886702,76.24264,0.5658315,0.10984075651695979
changeorg_au,2022Q3,2704,1.2170165052026216,75.99715,0.5697525,0.10809540868404523
changeorg_au,2022Q4,2331,1.3923890360612396,76.64068,0.58359146,0.11696913522691584
changeorg_au,2023Q1,2783,0.5871275273479926,75.34442,0.5777987,0.13789516429805276
changeorg_au,2023Q2,2605,1.2887062196122119,77.91589,0.55855894,0.13575417370053391
changeorg_au,2023Q3,2332,1.0779382567761726,79.20798,0.5560935,0.13275113359767587
changeorg_au,2023Q4,2634,1.6574453265970028,81.41362,0.55744505,0.12462260030621859
changeorg_au,2024Q1,2905,4.366495366769462,108.8683,0.47388348,0.1559793842258166
changeorg_au,2024Q2,2985,5.09681639298876,102.363235,0.474502,0.1568114498272613
changeorg_au,2024Q3,2707,2.678355613347014,94.97255,0.48906052,0.15709790407113694
changeorg_au,2024Q4,2644,2.8161873939744106,96.35992,0.4909341,0.14592980773005654
changeorg_treated,2022Q1,56782,0.9346496878266722,76.04088,0.5696609,0.1095855130142902
changeorg_treated,2022Q2,50761,1.155307801886955,75.86059,0.5769559,0.10794546462782663
changeorg_treated,2022Q3,38570,0.8813667292434351,76.51639,0.58053255,0.09705768834406407
changeorg_treated,2022Q4,37494,0.957368652928672,76.31121,0.57966167,0.1072648398241206
changeorg_treated,2023Q1,46584,1.1116655169438143,74.447205,0.5724764,0.11462039199905778
changeorg_treated,2023Q2,43225,2.4413986457252075,80.35545,0.54863876,0.10800683103015075
changeorg_treated,2023Q3,36957,3.7940133557553444,99.536514,0.54717594,0.11268644246623744
changeorg_treated,2023Q4,46337,6.3091021648260845,109.982185,0.47614634,0.13733106450219848
changeorg_treated,2024Q1,47949,6.758868668232817,111.60977,0.47053507,0.14015634814698494
changeorg_treated,2024Q2,43452,7.939716874344417,103.14679,0.47307885,0.15221424505339196
changeorg_treated,2024Q3,41094,4.34510825545562,96.34324,0.4856998,0.13640063108511308
changeorg_treated,2024Q4,40660,4.523066007653528,97.29901,0.48785254,0.13557235641096105
uk_2019,2020Q1,5504,1.0351706941699315,69.055916,0.47483107,0.26597101719535177
uk_2019,2020Q2,5556,1.0332883034376965,68.618546,0.48327163,0.2024657467022613
uk_2019,2020Q3,3296,0.9944402231168197,71.11144,0.48331156,0.1834135521356784
uk_2019,2020Q4,4375,1.1866411112592832,69.239044,0.49178147,0.20496665456187185
uk_2019,2021Q1,5134,1.035328199691476,69.60927,0.48601314,0.2101873625942211
uk_2019,2021Q2,2583,1.0000360175167617,68.607956,0.4858972,0.16010015899811558
uk_2019,2021Q3,2483,0.689900558015845,69.74862,0.48636097,0.17476124519079775
uk_2019,2021Q4,1846,1.1743238988068148,69.847626,0.4851328,0.18474966384657662
uk_2019,2022Q1,2376,1.0531615159689285,66.99639,0.4878046,0.1855905994817839
uk_2019,2022Q2,1762,0.814700323372318,67.070305,0.47939423,0.1751637214392274
uk_2019,2022Q3,1367,0.6650044888574711,66.6499,0.48905814,0.16819063579616833
uk_2019,2022Q4,1542,1.0626644533127199,66.41534,0.48904416,0.18043297542399497
uk_2019,2023Q1,1468,1.6698220975090687,67.90626,0.4876506,0.1837063000549623
uk_2019,2023Q2,1224,1.259835602447865,68.5267,0.47842383,0.1646364635678392
uk_2019,2023Q3,1402,1.7919108156218622,66.3826,0.49041945,0.17864552253454774
uk_2019,2023Q4,1251,2.0746907223910376,67.15551,0.47882318,0.16933706619032662
uk_2019,2024Q1,1274,2.6264644524079763,65.516594,0.45901915,0.1677060227897299
uk_2019,2024Q2,411,1.9935495835664234,65.34306,0.45989472,0.17688678990656406
