source,q,n_petitions,total_sigs,median_sigs,country,iso3,year,internet_pct,internet_users
bluehouse,2017Q3,13115,1162018.0,1.0,,,2017,,
bluehouse,2017Q4,34925,3987258.0,2.0,,,2017,,
bluehouse,2018Q1,70641,6338860.0,5.0,,,2018,,
bluehouse,2018Q2,67025,8706701.0,7.0,,,2018,,
bluehouse,2018Q3,71456,6995560.0,8.0,,,2018,,
bluehouse,2018Q4,62102,7678338.0,9.0,,,2018,,
bluehouse,2019Q1,54050,5488829.0,7.0,,,2019,,
bluehouse,2019Q2,1747,7074123.0,648.0,,,2019,,
bluehouse,2019Q3,1728,6146756.0,694.5,,,2019,,
bluehouse,2019Q4,1331,5371455.0,629.0,,,2019,,
bluehouse,2020Q1,3214,13190127.0,775.0,,,2020,,
bluehouse,2020Q2,2668,9807002.0,743.0,,,2020,,
bluehouse,2020Q3,2891,11197984.0,761.0,,,2020,,
bluehouse,2020Q4,2011,9225038.0,776.0,,,2020,,
bluehouse,2021Q1,2061,8051900.0,743.0,,,2021,,
bluehouse,2021Q2,2137,8574575.0,714.0,,,2021,,
bluehouse,2021Q3,1989,6640870.0,651.0,,,2021,,
bluehouse,2021Q4,1955,6623147.0,669.0,,,2021,,
bluehouse,2022Q1,1554,6286476.0,641.0,,,2022,,
bluehouse,2022Q2,335,1109784.0,427.0,,,2022,,
canada,2015Q4,7,29320.0,2406.0,CA,CAN,2015,90.0,32134048.2
canada,2016Q1,52,187735.0,991.0,CA,CAN,2016,91.16000366,32918609.33645539
canada,2016Q2,61,196758.0,867.0,CA,CAN,2016,91.16000366,32918609.33645539
canada,2016Q3,51,110535.0,865.0,CA,CAN,2016,91.16000366,32918609.33645539
canada,2016Q4,35,185467.0,681.0,CA,CAN,2016,91.16000366,32918609.33645539
canada,2017Q1,65,228791.0,1027.0,CA,CAN,2017,92.70140076,33877796.43379257
canada,2017Q2,53,81591.0,601.0,CA,CAN,2017,92.70140076,33877796.43379257
canada,2017Q3,53,150309.0,846.0,CA,CAN,2017,92.70140076,33877796.43379257
canada,2017Q4,47,75706.0,605.0,CA,CAN,2017,92.70140076,33877796.43379257
canada,2018Q1,71,227981.0,635.0,CA,CAN,2018,94.64,35085527.568
canada,2018Q2,60,96334.0,539.5,CA,CAN,2018,94.64,35085527.568
canada,2018Q3,35,78847.0,823.0,CA,CAN,2018,94.64,35085527.568
canada,2018Q4,44,214824.0,799.0,CA,CAN,2018,94.64,35085527.568
canada,2019Q1,60,128835.0,759.0,CA,CAN,2019,91.91290283,34576250.75545841
canada,2019Q2,50,82012.0,661.5,CA,CAN,2019,91.91290283,34576250.75545841
canada,2019Q3,9,17220.0,535.5,CA,CAN,2019,91.91290283,34576250.75545841
canada,2019Q4,22,212561.0,805.5,CA,CAN,2019,91.91290283,34576250.75545841
canada,2020Q1,53,77530.0,682.0,CA,CAN,2020,92.3,35100432.874
canada,2020Q2,76,489630.0,1023.0,CA,CAN,2020,92.3,35100432.874
canada,2020Q3,73,115524.0,768.0,CA,CAN,2020,92.3,35100432.874
canada,2020Q4,93,637057.0,1156.0,CA,CAN,2020,92.3,35100432.874
canada,2021Q1,109,524693.0,723.0,CA,CAN,2021,93.93710327,35921420.53598756
canada,2021Q2,91,236781.0,795.0,CA,CAN,2021,93.93710327,35921420.53598756
canada,2021Q3,16,12483.0,242.0,CA,CAN,2021,93.93710327,35921420.53598756
canada,2021Q4,50,239551.0,778.5,CA,CAN,2021,93.93710327,35921420.53598756
canada,2022Q1,87,260704.0,738.0,CA,CAN,2022,94.0,36613124.08
canada,2022Q2,58,130371.0,660.0,CA,CAN,2022,94.0,36613124.08
canada,2022Q3,25,98576.0,739.0,CA,CAN,2022,94.0,36613124.08
canada,2022Q4,36,125886.0,772.5,CA,CAN,2022,94.0,36613124.08
canada,2023Q1,64,267574.0,725.5,CA,CAN,2023,94.14530182,37704334.773757406
canada,2023Q2,54,114244.0,601.5,CA,CAN,2023,94.14530182,37704334.773757406
canada,2023Q3,43,108666.0,868.0,CA,CAN,2023,94.14530182,37704334.773757406
canada,2023Q4,56,1096894.0,897.0,CA,CAN,2023,94.14530182,37704334.773757406
canada,2024Q1,49,101354.0,1014.0,CA,CAN,2024,94.353302,38932369.89360358
canada,2024Q2,78,215379.0,809.5,CA,CAN,2024,94.353302,38932369.89360358
canada,2024Q3,48,103363.0,720.5,CA,CAN,2024,94.353302,38932369.89360358
canada,2024Q4,56,164231.0,827.5,CA,CAN,2024,94.353302,38932369.89360358
canada,2025Q1,15,470568.0,804.0,CA,CAN,2025,94.353302,38932369.89360358
changeorg_au,2022Q1,2957,2468828.0,4.0,AU,,2022,,
changeorg_au,2022Q2,3013,1483404.0,4.0,AU,,2022,,
changeorg_au,2022Q3,2704,1436877.0,5.5,AU,,2022,,
changeorg_au,2022Q4,2331,1429313.0,4.0,AU,,2022,,
changeorg_au,2023Q1,2783,1619913.0,3.0,AU,,2023,,
changeorg_au,2023Q2,2605,1452784.0,4.0,AU,,2023,,
changeorg_au,2023Q3,2332,1377594.0,6.0,AU,,2023,,
changeorg_au,2023Q4,2634,1501128.0,4.0,AU,,2023,,
changeorg_au,2024Q1,2905,1913600.0,5.0,AU,,2024,,
changeorg_au,2024Q2,2985,1326796.0,4.0,AU,,2024,,
changeorg_au,2024Q3,2707,1054545.0,5.0,AU,,2024,,
changeorg_au,2024Q4,2644,815068.0,4.0,AU,,2024,,
changeorg_other,2022Q1,17402,9779522.0,2.0,PH,,2022,,
changeorg_other,2022Q2,19850,7642686.0,1.0,PH,,2022,,
changeorg_other,2022Q3,11184,4345757.0,2.0,PH,,2022,,
changeorg_other,2022Q4,21049,5727448.0,1.0,PH,,2022,,
changeorg_other,2023Q1,16456,5252947.0,1.0,PH,,2023,,
changeorg_other,2023Q2,19643,4476265.0,1.0,PH,,2023,,
changeorg_other,2023Q3,7754,3669182.0,2.0,PH,,2023,,
changeorg_other,2023Q4,20304,4485186.0,1.0,PH,,2023,,
changeorg_other,2024Q1,18171,4106485.0,1.0,PH,,2024,,
changeorg_other,2024Q2,19928,2833473.0,1.0,PH,,2024,,
changeorg_other,2024Q3,11847,3052924.0,1.0,PH,,2024,,
changeorg_other,2024Q4,27000,1932820.0,1.0,PH,,2024,,
changeorg_treated,2022Q1,56782,34533470.0,3.0,US,USA,2022,92.72850037,309709763.9904264
changeorg_treated,2022Q2,50761,21029448.0,3.0,US,USA,2022,92.72850037,309709763.9904264
changeorg_treated,2022Q3,38570,17004852.0,3.0,US,USA,2022,92.72850037,309709763.9904264
changeorg_treated,2022Q4,37494,16343380.0,3.0,US,USA,2022,92.72850037,309709763.9904264
changeorg_treated,2023Q1,46584,25532168.0,3.0,US,USA,2023,93.52559662,314952171.53099126
changeorg_treated,2023Q2,43225,17480500.0,3.0,US,USA,2023,93.52559662,314952171.53099126
changeorg_treated,2023Q3,36957,16421986.0,3.0,US,USA,2023,93.52559662,314952171.53099126
changeorg_treated,2023Q4,46337,20085516.0,3.0,US,USA,2023,93.52559662,314952171.53099126
changeorg_treated,2024Q1,47949,17982028.0,3.0,US,USA,2024,94.69380188,321962521.91565734
changeorg_treated,2024Q2,43452,12509846.0,3.0,US,USA,2024,94.69380188,321962521.91565734
changeorg_treated,2024Q3,41094,14214108.0,3.0,US,USA,2024,94.69380188,321962521.91565734
changeorg_treated,2024Q4,40660,10760214.0,3.0,US,USA,2024,94.69380188,321962521.91565734
roi_ru,2010Q1,1,0.0,,RU,,2010,,
roi_ru,2010Q3,1,0.0,,RU,,2010,,
roi_ru,2010Q4,3,0.0,,RU,,2010,,
roi_ru,2011Q1,1,0.0,,RU,,2011,,
roi_ru,2011Q2,24,0.0,,RU,,2011,,
roi_ru,2011Q3,2,0.0,,RU,,2011,,
roi_ru,2011Q4,3,0.0,,RU,,2011,,
roi_ru,2012Q3,1,0.0,,RU,,2012,,
roi_ru,2012Q4,4,0.0,,RU,,2012,,
roi_ru,2013Q1,2,0.0,,RU,,2013,,
roi_ru,2013Q2,4,0.0,,RU,,2013,,
roi_ru,2013Q4,3,0.0,,RU,,2013,,
roi_ru,2014Q1,1,0.0,,RU,,2014,,
roi_ru,2014Q2,2,0.0,,RU,,2014,,
roi_ru,2014Q3,2,0.0,,RU,,2014,,
roi_ru,2014Q4,2,0.0,,RU,,2014,,
roi_ru,2015Q1,4,0.0,,RU,,2015,,
roi_ru,2015Q3,1,0.0,,RU,,2015,,
roi_ru,2016Q2,1,0.0,,RU,,2016,,
roi_ru,2016Q3,2,0.0,,RU,,2016,,
roi_ru,2016Q4,3,0.0,,RU,,2016,,
roi_ru,2017Q3,28,0.0,,RU,,2017,,
roi_ru,2017Q4,1,0.0,,RU,,2017,,
roi_ru,2018Q2,2,0.0,,RU,,2018,,
roi_ru,2018Q3,1,0.0,,RU,,2018,,
roi_ru,2018Q4,1,0.0,,RU,,2018,,
roi_ru,2019Q2,1,0.0,,RU,,2019,,
roi_ru,2020Q1,1,0.0,,RU,,2020,,
roi_ru,2020Q2,1,0.0,,RU,,2020,,
roi_ru,2020Q3,1,0.0,,RU,,2020,,
roi_ru,2020Q4,3,0.0,,RU,,2020,,
roi_ru,2021Q1,1,0.0,,RU,,2021,,
roi_ru,2021Q2,1,0.0,,RU,,2021,,
roi_ru,2021Q3,1,0.0,,RU,,2021,,
roi_ru,2021Q4,2,0.0,,RU,,2021,,
roi_ru,2022Q2,2,0.0,,RU,,2022,,
roi_ru,2022Q3,2,0.0,,RU,,2022,,
roi_ru,2022Q4,5,0.0,,RU,,2022,,
roi_ru,2023Q1,2,0.0,,RU,,2023,,
roi_ru,2023Q2,3,0.0,,RU,,2023,,
roi_ru,2023Q3,3,0.0,,RU,,2023,,
roi_ru,2023Q4,1,0.0,,RU,,2023,,
roi_ru,2024Q1,1,0.0,,RU,,2024,,
roi_ru,2024Q2,15,0.0,,RU,,2024,,
roi_ru,2024Q3,1,0.0,,RU,,2024,,
roi_ru,2024Q4,8,0.0,,RU,,2024,,
roi_ru,2025Q1,9,0.0,,RU,,2025,,
roi_ru,2025Q2,11,0.0,,RU,,2025,,
roi_ru,2025Q3,14,0.0,,RU,,2025,,
roi_ru,2025Q4,16,0.0,,RU,,2025,,
roi_ru,2026Q1,9,0.0,,RU,,2026,,
roi_ru,2026Q2,2,0.0,,RU,,2026,,
roi_ru,2026Q3,2,0.0,,RU,,2026,,
scotland,2010Q4,1,0.0,,GB,GBR,2010,85.0,53351410.25
scotland,2012Q4,1,0.0,,GB,GBR,2012,87.4799984242111,55734381.79604913
scotland,2017Q4,1,0.0,,GB,GBR,2017,90.4245504868553,59647650.48314922
scotland,2019Q3,1,0.0,,GB,GBR,2019,92.5166285497138,61641979.270103306
scotland,2020Q2,2,0.0,,GB,GBR,2020,94.81820132,63281667.560968
scotland,2020Q3,1,0.0,,GB,GBR,2020,94.81820132,63281667.560968
scotland,2021Q3,7,0.0,,GB,GBR,2021,96.19650269,64430493.5717082
scotland,2021Q4,10,0.0,,GB,GBR,2021,96.19650269,64430493.5717082
scotland,2022Q1,12,0.0,,GB,GBR,2022,95.46530151,64568911.3293036
scotland,2022Q2,2,0.0,,GB,GBR,2022,95.46530151,64568911.3293036
scotland,2022Q3,13,0.0,,GB,GBR,2022,95.46530151,64568911.3293036
scotland,2022Q4,17,0.0,,GB,GBR,2022,95.46530151,64568911.3293036
scotland,2023Q1,24,0.0,,GB,GBR,2023,95.44719696,65406146.1888096
scotland,2023Q2,10,0.0,,GB,GBR,2023,95.44719696,65406146.1888096
scotland,2023Q3,4,0.0,,GB,GBR,2023,95.44719696,65406146.1888096
scotland,2023Q4,21,0.0,,GB,GBR,2023,95.44719696,65406146.1888096
scotland,2024Q1,13,0.0,,GB,GBR,2024,95.4720993,66144025.116033
scotland,2024Q2,22,0.0,,GB,GBR,2024,95.4720993,66144025.116033
scotland,2024Q3,15,0.0,,GB,GBR,2024,95.4720993,66144025.116033
scotland,2024Q4,16,0.0,,GB,GBR,2024,95.4720993,66144025.116033
scotland,2025Q1,19,0.0,,GB,GBR,2025,95.4720993,66144025.116033
scotland,2025Q2,30,0.0,,GB,GBR,2025,95.4720993,66144025.116033
scotland,2025Q3,13,0.0,,GB,GBR,2025,95.4720993,66144025.116033
scotland,2025Q4,54,0.0,,GB,GBR,2025,95.4720993,66144025.116033
scotland,2026Q1,76,0.0,,GB,GBR,2026,,
scotland,2026Q2,11,0.0,,GB,GBR,2026,,
scotland,2026Q3,8,0.0,,GB,GBR,2026,,
uk_2010,2011Q3,11586,2580926.0,2.0,,,2011,,
uk_2010,2011Q4,5010,1144155.0,2.0,,,2011,,
uk_2010,2012Q1,3531,1071442.0,2.0,,,2012,,
uk_2010,2012Q2,2024,796876.0,2.0,,,2012,,
uk_2010,2012Q3,2516,1034849.0,2.0,,,2012,,
uk_2010,2012Q4,2644,1002676.0,2.0,,,2012,,
uk_2010,2013Q1,2658,1030597.0,3.0,,,2013,,
uk_2010,2013Q2,2766,1018294.0,1.0,,,2013,,
uk_2010,2013Q3,2189,725472.0,2.0,,,2013,,
uk_2010,2013Q4,2263,352793.0,2.0,,,2013,,
uk_2010,2014Q1,3005,1249277.0,2.0,,,2014,,
uk_2010,2014Q2,2525,821741.0,2.0,,,2014,,
uk_2010,2014Q3,2236,641943.0,1.0,,,2014,,
uk_2010,2014Q4,2146,550208.0,1.0,,,2014,,
uk_2010,2015Q1,1641,492549.0,1.0,,,2015,,
uk_2015,2015Q3,1800,6027145.0,28.0,,,2015,,
uk_2015,2015Q4,2286,3612775.0,16.0,,,2015,,
uk_2015,2016Q1,3141,4614862.0,16.0,,,2016,,
uk_2015,2016Q2,8151,7046137.0,11.0,,,2016,,
uk_2015,2016Q3,3292,2051393.0,13.0,,,2016,,
uk_2015,2016Q4,2459,5013941.0,15.0,,,2016,,
uk_2015,2017Q1,5215,2994165.0,12.0,,,2017,,
uk_2015,2017Q2,642,181986.0,12.0,,,2017,,
uk_2017,2017Q3,740,2171225.0,21.0,,,2017,,
uk_2017,2017Q4,2268,2551164.0,17.0,,,2017,,
uk_2017,2018Q1,2391,2252287.0,14.0,,,2018,,
uk_2017,2018Q2,2114,2155409.0,16.0,,,2018,,
uk_2017,2018Q3,1829,2396758.0,17.0,,,2018,,
uk_2017,2018Q4,2160,4712437.0,19.0,,,2018,,
uk_2017,2019Q1,4547,10535496.0,12.0,,,2019,,
uk_2017,2019Q2,3874,1775087.0,12.0,,,2019,,
uk_2017,2019Q3,3019,3032117.0,11.0,,,2019,,
uk_2017,2019Q4,799,700049.0,11.0,,,2019,,
uk_2019,2020Q1,5504,9048525.0,13.0,,,2020,,
uk_2019,2020Q2,5556,5602576.0,12.0,,,2020,,
uk_2019,2020Q3,3296,5666153.0,16.0,,,2020,,
uk_2019,2020Q4,4375,6460403.0,14.0,,,2020,,
uk_2019,2021Q1,5134,6645775.0,13.0,,,2021,,
uk_2019,2021Q2,2583,3773932.0,13.0,,,2021,,
uk_2019,2021Q3,2483,2508677.0,13.0,,,2021,,
uk_2019,2021Q4,1846,2597170.0,15.0,,,2021,,
uk_2019,2022Q1,2376,2026710.0,11.0,,,2022,,
uk_2019,2022Q2,1762,1734685.0,13.5,,,2022,,
uk_2019,2022Q3,1367,2254000.0,13.0,,,2022,,
uk_2019,2022Q4,1542,1374012.0,11.0,,,2022,,
uk_2019,2023Q1,1468,2271566.0,20.0,,,2023,,
uk_2019,2023Q2,1224,1492251.0,21.0,,,2023,,
uk_2019,2023Q3,1402,1980150.0,21.0,,,2023,,
uk_2019,2023Q4,1251,2961282.0,21.0,,,2023,,
uk_2019,2024Q1,1274,1245646.0,25.0,,,2024,,
uk_2019,2024Q2,411,293671.0,21.0,,,2024,,
uk_current,2024Q4,2043,9400734.0,27.0,,,2024,,
uk_current,2025Q1,2114,2363922.0,15.0,,,2025,,
uk_current,2025Q2,1687,5861084.0,21.0,,,2025,,
uk_current,2025Q3,1998,3492964.0,21.0,,,2025,,
uk_current,2025Q4,2274,3494363.0,21.0,,,2025,,
uk_current,2026Q1,2465,3086810.0,21.0,,,2026,,
uk_current,2026Q2,1747,642626.0,20.0,,,2026,,
uk_current,2026Q3,51,508.0,7.0,,,2026,,
