word,pre_share_recent,post_share,counterfactual,delta,ratio,banned,selected
access,0.25328104700764176,0.3074622792924762,0.06760518253770438,0.23985709675477185,4.547909904998779,True,False
from,0.5923804164288744,0.6278537228476604,0.42995680878729414,0.19789691406036625,1.460271613370981,False,False
safety,0.24049861216515608,0.25422002869578664,0.07438243488523498,0.17983759381055164,3.417742765318505,True,False
well,0.3432975617852104,0.3662456951821007,0.18902627234320205,0.17721942283889866,1.9375385793839996,False,True
program,0.23502220099345036,0.22707696459774046,0.05764568826360811,0.16943127633413235,3.9391838563769013,False,True
will,0.5140023112855898,0.4515778862231855,0.2821919870709316,0.16938589915225388,1.6002505631376314,False,False
communities,0.2551720724099827,0.23220746624712083,0.06390507524173733,0.1683023910053835,3.633631059328802,False,True
include,0.20433665586453603,0.2216782775172106,0.0542679078679128,0.16741036964929779,4.084887113333572,False,True
also,0.43995783078318884,0.40113150484466353,0.2436806904869249,0.15745081435773864,1.6461357854950223,False,False
economic,0.27256039253122033,0.19618989873217701,0.039314285079361105,0.1568756136528159,4.990295469856355,False,True
includes,0.19280297633028814,0.21894503986274372,0.06286773063150675,0.15607730923123697,3.4826299225920745,False,True
national,0.2635366939756677,0.3237796032464071,0.1695782210831854,0.15420138216322168,1.9093230320394698,True,False
being,0.2862890270224964,0.2715290060569635,0.12071638885385762,0.1508126172031059,2.2493135243275337,False,True
during,0.20426142784288162,0.16581465873101825,0.018552907287995114,0.14726175144302314,8.937394886800876,False,True
live,0.09256813815987522,0.18451121823972066,0.0372797161023968,0.14723150213732386,4.949372944067512,True,False
year,0.24353108965302667,0.2395977549086184,0.09647016631649709,0.14312758859212132,2.4836461266434604,True,False
made,0.25360678460554653,0.24588317580160957,0.10404287704569112,0.14184029875591844,2.3632869715206772,False,True
services,0.25797965249930316,0.2563759864707794,0.11759530886492743,0.138780677605852,2.1801548798622448,True,False
security,0.19883970310106436,0.2038776681066632,0.06994701141226708,0.1339306566943961,2.9147445186043757,True,False
risk,0.24306245291212697,0.16481773337153172,0.03212094300549895,0.13269679036603277,5.131161103935079,True,False
requirements,0.11834863647631297,0.14228171298334627,0.009738211730915582,0.1325435012524307,14.61066127075972,False,True
five,0.10005718573696905,0.14515783260654486,0.012687297783093065,0.13247053482345178,11.441193789900666,False,True
safe,0.16748154122669454,0.16396140884969881,0.03165241281583406,0.13230899603386476,5.180060357600209,True,False
with,0.7054258852474721,0.6808950119262926,0.5502393491671603,0.13065566275913232,1.2374524158566487,False,False
minister,0.22731828852301902,0.16345478901430865,0.03283525168544892,0.13061953732885973,4.9780275960773075,True,False
this,0.6213779882797751,0.6191325287979521,0.48868460404129277,0.13044792475665934,1.26693684163137,False,False
would,0.2941682616499294,0.2611819043069199,0.13077228842288222,0.13040961588403768,1.9972266866075499,False,True
financial,0.15973921292465043,0.16372841317408748,0.034017011047189585,0.1297114021268979,4.813133433356556,False,True
within,0.18782965712270888,0.18570216996264882,0.05688221731692958,0.12881995264571924,3.2646788174233,False,True
social,0.2321705168254405,0.17670514948000882,0.052253699051262356,0.12445145042874646,3.381677329803122,True,False
governments,0.1493304064761788,0.16523643821146625,0.04095247433821384,0.12428396387325241,4.034834057811246,False,True
per,0.13117350664013844,0.16257392077555405,0.03968284162905922,0.12289107914649483,4.096831630537853,False,True
does,0.15417624713908246,0.14867838535011207,0.025814423293099173,0.1228639620570129,5.759508305182918,False,True
must,0.23966595403410082,0.22611957702108554,0.10439243278816154,0.121727144232924,2.1660533333861367,False,True
efforts,0.20227541410481797,0.16198065666956463,0.043203755544698325,0.1187769011248663,3.7492263028379673,False,True
more,0.4168423860966714,0.4525630496919154,0.33428308173711174,0.11827996795480367,1.3538317504438406,False,False
already,0.13831430020312782,0.13836187266427136,0.022536032174448908,0.11582584048982245,6.139584448283866,False,True
fund,0.09460993131671885,0.1375470182256287,0.021814553009565342,0.11573246521606337,6.305287033170768,False,True
service,0.16115748959551807,0.1465070070702941,0.03241711580292793,0.11408989126736617,4.519433744844799,True,False
additional,0.19038032504621083,0.16934487597572934,0.05578100070638235,0.11356387526934698,3.0358880950723646,False,True
significant,0.19135918103790023,0.22511349598778124,0.11232999414377269,0.11278350184400855,2.004037280547308,False,True
development,0.2610223938853554,0.21608667767586623,0.10446879510510498,0.11161788257076125,2.0684327550486596,True,False
where,0.1816852502376034,0.2056334795233462,0.09555205706062919,0.11008142246271702,2.1520570655309776,False,True
without,0.1740944139869349,0.19207141214373558,0.08223857895489381,0.10983283318884177,2.3355390448694746,False,True
supports,0.13989172680325743,0.15713448467445587,0.048363474689636025,0.10877100998481984,3.2490321607956916,False,True
term,0.16818203084773348,0.1304235624131485,0.023625055284532896,0.1067985071286156,5.520561151809689,False,True
existing,0.1648963633975215,0.12968685511619596,0.023055508330838807,0.10663134678535716,5.624983550795459,False,True
concerns,0.12899634393538784,0.11634888708847316,0.009932592764924413,0.10641629432354874,11.713848522949947,False,True
cannot,0.08751022604531587,0.11042230918450383,0.004207376202832376,0.10621493298167145,26.24493362636987,False,True
assistance,0.12475892611868816,0.11692102255059222,0.01184288923287427,0.10507813331771795,9.872677203298935,False,True
announced,0.1862050694356877,0.15074987822636704,0.046020456200285303,0.10472942202608174,3.2757145555074367,False,True
necessary,0.0908416021992636,0.11581298962367173,0.011308230319613243,0.10450475930405849,10.241477786564282,False,True
crisis,0.12985563686073548,0.11086544545317326,0.006824310592687073,0.10404113486048619,16.245662319645387,False,True
individuals,0.1956309397465445,0.17442305557914073,0.07130058735869811,0.10312246822044262,2.446306012903588,False,True
essential,0.13729572742693122,0.17830368520081188,0.07586785863074616,0.10243582657006572,2.350187397124619,False,True
place,0.1704566437206113,0.1418154127615018,0.04006037576531348,0.10175503699618832,3.5400420004121265,False,True
environment,0.17409814656270217,0.1332316497045477,0.03195822606887491,0.1012734236356728,4.168931323578878,True,False
opportunities,0.10947655405189402,0.12488892542542226,0.02381458124427687,0.10107434418114539,5.244220931049779,False,True
forward,0.1149481824892164,0.11199055674470086,0.011465756169455011,0.10052480057524585,9.767393889209488,False,True
set,0.11176643770416202,0.11311072104487575,0.012907447377666297,0.10020327366720946,8.763213804814015,False,True
often,0.1019345032410177,0.13824423426092666,0.03830283285355329,0.09994140140737337,3.6092430758186587,False,True
time,0.24938780510564437,0.2567329383067831,0.1569021849432169,0.09983075336356623,1.6362610781978282,True,False
october,0.0837660828544879,0.10569846638956501,0.005969413196399853,0.09972905319316516,17.70667616932794,False,True
organizations,0.19117727953835795,0.16989221040164276,0.0716953417778243,0.09819686862381846,2.3696408467947525,False,True
importance,0.12132364215105992,0.13136757263633492,0.03319969528858567,0.09816787734774925,3.9568909140410145,False,True
following,0.15003299336187978,0.11760502251000102,0.019820144143761514,0.0977848783662395,5.9336108585778256,False,True
health,0.3932275347619559,0.35419659298895306,0.2565736276523535,0.09762296533659959,1.380487138252863,True,False
each,0.09659021456870143,0.1026444208230313,0.0076254331840516325,0.09501898763897966,13.460798664882287,False,True
recognizes,0.18038828182740646,0.18481138315276285,0.08991620722248511,0.09489517593027774,2.055373428902232,False,True
important,0.24385962200839423,0.23190982228822904,0.13744420142087027,0.09446562086735877,1.6873016096044238,False,False
support,0.4221408456738378,0.37265726766636853,0.27875944807226843,0.0938978195941001,1.3368417474042245,True,False
through,0.4219108028979341,0.3802819643851615,0.28710432658004653,0.09317763780511495,1.324542785248262,False,False
approximately,0.10025678802070437,0.10292994065709922,0.009862833367074105,0.09306710729002511,10.436143127057035,False,True
yet,0.06441469531822994,0.1024080593137071,0.00937607337484746,0.09303198593885964,10.9222757992093,False,True
current,0.1917978433345826,0.18905546070387108,0.09682650033391701,0.09222896036995407,1.9525177513582768,True,False
supporting,0.16113522653613044,0.15886676134325017,0.06788884272566457,0.0909779186175856,2.340101185480843,False,True
protect,0.1998098000947952,0.17124308627824358,0.0802825352438992,0.09096055103434439,2.1330054632430984,True,False
these,0.48705944015036684,0.40542735106156136,0.31490786012767835,0.090519490933883,1.2874475438535646,False,False
public,0.3967753941346541,0.3509030081011709,0.2604097385243213,0.09049326957684961,1.3475034001787067,True,False
potential,0.15824213357601646,0.12554222247027963,0.03579471639828556,0.08974750607199407,3.5072836189950274,False,True
were,0.2624877239168797,0.2158398131906989,0.12612239749421345,0.08971741569648545,1.7113519682386447,False,False
one,0.2888313666043904,0.27272783944831347,0.18386801683862408,0.08885982260968939,1.48328047551456,False,False
protecting,0.09304639916585228,0.09993857664344227,0.012240252613298332,0.08769832403014394,8.164747885584056,False,True
legal,0.09978471366734787,0.14342344973754556,0.056732710961182424,0.08669073877636313,2.5280556368208553,False,True
resources,0.13841981641115259,0.12145861292383667,0.03565563001502477,0.0858029829088119,3.4064357542597272,False,True
provinces,0.17247039314358556,0.18113431761062937,0.09651387602106061,0.08462044158956876,1.8767696944541266,False,True
part,0.2731175407674921,0.19446484746765208,0.1101208475665931,0.08434399990105898,1.7659221824464604,False,False
face,0.10002459450078635,0.11436169330310755,0.030133872381455408,0.08422782092165215,3.7951210470210435,False,True
working,0.2806464070437853,0.1980286373180547,0.1138431621547221,0.08418547516333261,1.7394864440687068,True,False
government,0.6841039879463073,0.637377004756545,0.553390518301781,0.08398648645476403,1.1517671222710824,True,False
same,0.058889147226861296,0.09463797063840751,0.011136689928134387,0.08350128071027313,8.497854501571924,False,True
across,0.23712704949023786,0.2391999115828945,0.1563467965287065,0.08285311505418799,1.529931644867284,False,False
provided,0.1969487022988111,0.22458912399617673,0.14206382685971589,0.08252529713646084,1.5809029572176194,False,False
mandate,0.09864618428852726,0.10636643228949852,0.024556047731231365,0.08181038455826715,4.33157784402811,False,True
consideration,0.07301803774969637,0.08707941525461199,0.0052994546051768395,0.08177996064943516,16.431769255943312,False,True
training,0.09854518868017041,0.08271103027541962,0.001227274360969654,0.08148375591444997,67.39408310467,False,True
situation,0.10913070166744612,0.08636644678635957,0.004893828974520259,0.08147261781183932,17.648031272859523,False,True
self,0.054877653751442906,0.08437439158486208,0.0029139870354836644,0.08146040454937842,28.954964643779753,False,True
benefit,0.16245813784462979,0.14050888315782425,0.059299167356865815,0.08120971580095844,2.369491671143267,False,True
using,0.08238367602331292,0.09219789213265597,0.011208014236670519,0.08098987789598545,8.22606843512045,True,False
code,0.07176023485005567,0.11764573225782288,0.036705265757177294,0.08094046650064558,3.2051459056611953,False,True
july,0.07544644920576246,0.08936278412941638,0.008548446077148105,0.08081433805226827,10.453687526707684,False,True
care,0.14378642869017288,0.19683518926064533,0.11625422466921485,0.08058096459143048,1.6931443981559582,True,False
respect,0.13328478747849903,0.11294802911549576,0.0326255503662215,0.08032247874927426,3.4619501540251485,False,True
future,0.15855822312998652,0.1711688482276375,0.09089108136248814,0.08027776686514937,1.8832304078877533,True,False
circumstances,0.06812369380977046,0.08492606238434222,0.004672445671648765,0.08025361671269346,18.17593362286744,False,True
peoples,0.10011811321607351,0.0951028135507959,0.015002791818679742,0.08010002173211617,6.339007746037299,False,True
prevent,0.12422308406615215,0.10036307047991434,0.02094319830942241,0.07941987217049193,4.792155858771613,False,True
youth,0.05346929514609536,0.07934430553674365,0.0,0.07934430553674365,793.4430553674365,False,True
country,0.24678039444942268,0.2000550520486052,0.12073395048119391,0.07932110156741128,1.6569908567662308,True,False
regulatory,0.08720524559746329,0.13250802513735713,0.053286284774657924,0.0792217403626992,2.486719156678301,False,True
not,0.5873354449184303,0.536381308006034,0.4573907725707087,0.0789905354353253,1.1726981394735374,False,False
due,0.21166566149538213,0.17325462963506827,0.09435019924606361,0.07890443038900466,1.8362932036128863,False,True
committed,0.31456667434250635,0.340508252169449,0.2617306568860011,0.07877759528344791,1.300987267677092,False,False
decision,0.1281079204818967,0.09066391002813115,0.012272682525112131,0.07839122750301902,7.387456641416119,False,True
barriers,0.06191556445645395,0.0898113996804342,0.011607991061254585,0.07820340861917961,7.737032119210422,False,True
workers,0.13735351991713524,0.10550753585579882,0.027401256990754297,0.07810627886504452,3.850463352516969,True,False
allow,0.09246852693332078,0.10782505533614334,0.02973825649057463,0.07808679884556871,3.625802856677824,True,False
regulations,0.12320893462569496,0.11008638935704447,0.03218223603722657,0.0779041533198179,3.420719095767703,False,True
local,0.12146058113852048,0.09147520095711276,0.013783630729890674,0.07769157022722209,6.636509839076217,True,False
release,0.04403264757459014,0.08534093483533478,0.008065083201366847,0.07727585163396794,10.581531858328683,False,True
three,0.13239196298727007,0.10575999975355337,0.028528627713070916,0.07723137204048244,3.7071534185676054,False,True
provides,0.17877279733430562,0.15265526938029744,0.07545358960026534,0.0772016797800321,2.0231677537016823,False,True
facing,0.07480850659896984,0.07749830483579542,0.0003406579466418286,0.0771576468891536,227.49595481263782,False,True
groups,0.1281230453987965,0.12102779664383169,0.04441809583210539,0.0766097008117263,2.7247407700974167,False,True
having,0.07703750617558897,0.08285154925579738,0.006603463012623739,0.07624808624317364,12.546681808834446,False,True
programs,0.17805069662325945,0.17174030905458196,0.09551695620412418,0.07622335285045778,1.798008603703461,False,False
august,0.048775152491395316,0.07602418458218334,0.0,0.07602418458218334,760.2418458218333,False,True
call,0.05939496206645791,0.07591452179566818,0.0,0.07591452179566818,759.1452179566818,False,True
promote,0.09431715876268362,0.09331279135410206,0.01780534584065353,0.07550744551344853,5.240717714173705,False,True
range,0.11980974892254867,0.08632949444371557,0.010926741060993502,0.07540275338272207,7.900754118892441,False,True
equality,0.12265474771383333,0.09398461794934851,0.018593559073288628,0.07539105887605987,5.054686818101766,True,False
quebec,0.05521306985652391,0.0955788219830701,0.02038881859493801,0.07519000338813209,4.687805796006235,False,True
complex,0.03463503432296583,0.10000113166121706,0.025158857117235582,0.07484227454398149,3.9747883298208038,False,True
conditions,0.13295137458795592,0.12411196456312296,0.04966127775231137,0.07445068681081159,2.499169779362885,False,True
principles,0.07060621680489218,0.0756749058972506,0.0012742313121825149,0.07440067458506808,59.38867234994715,False,True
assessment,0.07828038538862829,0.07962771917060657,0.005618295165079706,0.07400942400552686,14.172932683481912,False,True
education,0.0955087433399597,0.07780505835349001,0.003889664220491723,0.07391539413299829,20.003026982019044,True,False
after,0.1559880898882027,0.14912527843033788,0.0755976784314042,0.07352759999893367,1.9726171692646768,False,True
rural,0.04822290515544307,0.07596791629692382,0.0026258351815518152,0.073342081115372,28.930953789730367,False,True
needs,0.17111672194459449,0.1916367424168482,0.11833527337795259,0.0733014690388956,1.6194388785901315,True,False
transportation,0.08229124612136689,0.12457373157901984,0.051387331909606794,0.07318639966941304,2.4242109280581454,False,True
work,0.36370643626970134,0.31598295060412046,0.24334690929636832,0.07263604130775214,1.2984876262360492,True,False
priorities,0.057718296628289006,0.08644665988696797,0.013856899212362151,0.07258976067460582,6.238528444361227,False,True
its,0.4334521682605682,0.45595858634834097,0.38348965397106927,0.0724689323772717,1.1889723272240842,False,False
response,0.16006983628837862,0.07933602020572494,0.007355519483848806,0.07198050072187615,10.785916668418917,False,True
emergency,0.12927335895762485,0.07633653666889775,0.0050969730413751475,0.07123956362752261,14.976837438461787,False,True
years,0.27916787207830607,0.28604432072220565,0.21519019968774744,0.0708541210344582,1.3292627691097054,True,False
receive,0.08711830189389502,0.07395694722200276,0.0031055202960375474,0.07085142692596522,23.81467199437314,False,True
police,0.09476965366035471,0.08117555355701606,0.010831887501820887,0.07034366605519517,7.494128197266644,True,False
responsibility,0.09387060169054107,0.12861616610338444,0.058438185394037154,0.07017798070934729,2.200892536894344,False,True
when,0.22040928239929403,0.2783947473898214,0.20828388636482306,0.07011086102499833,1.336612026252451,False,False
mental,0.0820695237655018,0.10205700876242771,0.03198711052724032,0.07006989823518739,3.190566671394581,True,False
minimum,0.05207922990764917,0.07081671056799427,0.0009100767856563101,0.06990663378233795,77.8139951311077,True,False
deeply,0.0470949983145082,0.07460799219199063,0.004842497825660959,0.06976549436632967,15.406923219796651,False,True
region,0.07103140739477382,0.08219209301331029,0.012495903640461622,0.06969618937284867,6.5775229529758095,False,True
open,0.06724095637326272,0.09257556798139283,0.02346540101578342,0.0691101669656094,3.9451943701760803,False,True
order,0.1735641931744114,0.13606770378418812,0.06707267306405393,0.06899503072013419,2.0286608177110286,False,True
which,0.5260394497383851,0.5317713878252511,0.4632972557322822,0.06847413209296893,1.1477974048966457,False,False
directly,0.10036702518386638,0.08477852692320795,0.01649863675780331,0.06827989016540464,5.138517088880723,False,True
organization,0.08408073436299227,0.11822423002984278,0.05003629378001572,0.06818793624982705,2.3627695238503263,False,True
september,0.12170837120834273,0.07241430761704322,0.004333429229335866,0.06808087838770735,16.710624261917694,False,True
step,0.06479246128980326,0.06837776228627096,0.0008621331902912543,0.0675156290959797,79.31229542754399,False,True
practices,0.11724412846259102,0.08725252973974809,0.019820652855513512,0.06743187688423458,4.402101705518597,False,True
review,0.1565809452875613,0.11479864403610007,0.04748084084565747,0.0673178031904426,2.4177887752507945,False,True
accessible,0.06342348791389073,0.09742728230769833,0.03017479647119215,0.06725248583650617,3.228763527890306,False,True
society,0.15353776057940655,0.12974031266629993,0.06252185657805626,0.06721845608824367,2.075119322541612,True,False
regarding,0.1278926887232786,0.08214473901663441,0.014935418404952484,0.06720932061168193,5.499995834692905,False,True
enforcement,0.07181069976260737,0.0709704882087906,0.00393382194223091,0.06703666626655969,18.041103347077907,False,True
what,0.08146958074254257,0.09509647117407903,0.028062336873605532,0.0670341343004735,3.3887580924710337,False,True
ensuring,0.1391009715132566,0.16692621589485337,0.09998632118132568,0.0669398947135277,1.669490525530306,False,False
over,0.38423630407504156,0.42073231918458853,0.35380146718384725,0.06693085200074128,1.1891762985990155,False,False
particularly,0.0731373182180771,0.09842761902229119,0.03200332683045524,0.06642429219183596,3.0755433503439646,False,True
create,0.1281074322806372,0.09252015010574835,0.02665679442471683,0.06586335568103152,3.470790547117001,False,True
limited,0.09358787263987792,0.11881527920916922,0.053062315447134786,0.06575296376203443,2.2391649932340996,False,True
control,0.08017693895732558,0.06678332411574583,0.0014885068080047123,0.06529481730774112,44.86598499691539,False,True
responsible,0.13502987441259073,0.1495434172053396,0.0844815345795563,0.06506188262578329,1.7701314014900438,False,False
affected,0.0860370400258575,0.06484303017539127,0.0,0.06484303017539127,648.4303017539127,False,True
agencies,0.05711245216740914,0.06471526624572614,0.0,0.06471526624572614,647.1526624572614,False,True
months,0.10137447750960059,0.07736175159048686,0.012679475151995825,0.06468227643849103,6.101337055604361,True,False
funding,0.18399300200803698,0.2118088076291781,0.14719105207002567,0.06461775555915242,1.4390060037644865,True,False
four,0.07737874817422807,0.08524143472334653,0.021459409144591136,0.0637820255787554,3.972217228768934,False,True
violence,0.10846196204962172,0.10481860515151957,0.04104978330882553,0.06376882184269404,2.5534508760484496,True,False
land,0.07283097063321438,0.06759256064580617,0.003992905131356474,0.0635996555144497,16.92816593988136,True,False
food,0.122078550514964,0.0981962128775067,0.03492063257127245,0.06327558030623424,2.8119826488563686,True,False
vulnerable,0.10087302591066458,0.06532000446103407,0.0021885752040796402,0.06313142925695443,29.8459035537246,False,True
new,0.3030626625580737,0.29007106292560003,0.2270242040334188,0.06304685889218123,1.2777098554782313,True,False
crime,0.07061616398819306,0.06678681732812802,0.0038836091199764937,0.06290320820815153,17.197100754705268,True,False
consultation,0.08257653636454362,0.0740998418754879,0.011296815418582903,0.062803026456905,6.5593566974278446,False,True
toward,0.058443714036922216,0.07182960081443365,0.009115036534537177,0.06271456427989648,7.880341515063479,False,True
inclusive,0.09147152943944138,0.06898546254772185,0.006962791624850218,0.062022670922871635,9.907730442702405,False,True
area,0.0760138678777173,0.08605838086533313,0.02404195107273605,0.06201642979259708,3.579509025909494,True,False
residents,0.0935449767004028,0.07421102502030746,0.012370663803062135,0.06184036121724533,5.998952538176477,True,False
completed,0.03197837877976969,0.06725759798609607,0.005850348073300682,0.061407249912795385,11.4963412678026,False,True
trade,0.09579076398327804,0.06573442857160353,0.0044004606732906786,0.061333967898312844,14.93807886310392,False,True
position,0.05949693699855143,0.0774234991580948,0.016822378550723265,0.06060112060737153,4.602410944721371,False,True
reporting,0.0436273970226242,0.06680585714303211,0.00621173227518995,0.06059412486784216,10.754786939201953,False,True
activities,0.1588977621206794,0.13763772417927206,0.07706093366206627,0.060576790517205784,1.7860894961752207,False,False
continued,0.08260757802944156,0.08397460530483636,0.02372542991039174,0.06024917539444462,3.5394345064346115,False,True
involved,0.03803198492624431,0.06040623285293152,0.0001693568318585012,0.06023687602107302,356.6802247659034,False,True
dedicated,0.0410638615925904,0.06902949441997071,0.009163963293016197,0.05986553112695451,7.532711798679692,False,True
concerned,0.04679234505902885,0.059857209542703765,6.501569007479752e-05,0.05979219385262897,598.5720954270377,False,True
free,0.11782019352473799,0.14971055951485104,0.09003758439938775,0.059672975115463295,1.6627562868720085,True,False
actively,0.05477935119752303,0.07232142713423975,0.012746696669313348,0.0595747304649264,5.673738774089431,False,True
individual,0.07959979056131039,0.07758974734870533,0.01819368792360228,0.05939605942510305,4.264651986695331,False,True
respond,0.07689395174837675,0.07990238176178903,0.020619683564232594,0.05928269819755644,3.875053732657161,False,True
housing,0.05820585380248738,0.09567215080629667,0.03659102602927975,0.059081124777016915,2.6146342748011717,True,False
investments,0.10315297766397534,0.06902893319773935,0.01002913695728505,0.0589997962404543,6.882838821699162,False,True
was,0.37177802199114574,0.3230507749309581,0.2640803933004793,0.058970381630478796,1.2233046569397539,False,False
november,0.08049934521254337,0.06930731588967698,0.010510739346024938,0.05879657654365204,6.593952490686428,False,True
accordance,0.058282905307353396,0.06147206926020343,0.003136208246462841,0.058335861013740595,19.600761310902882,False,True
protected,0.04979878516277646,0.0798296455734922,0.021651842245218617,0.05817780332827359,3.6869678186908557,False,True
criminal,0.09455632801654489,0.11950236246971624,0.06142986438803684,0.0580724980816794,1.9453463500236658,True,False
north,0.0372842120411271,0.05778665005809617,0.0,0.05778665005809617,577.8665005809617,False,True
stated,0.053295913873305185,0.06332794925953658,0.00556654219354483,0.057761407065991754,11.376532694385041,False,True
impacted,0.06531130102007085,0.05775787544476932,0.0,0.05775787544476932,577.5787544476932,False,True
legislative,0.04991825957458202,0.06846074413112702,0.010766972273445486,0.05769377185768153,6.3584025659628844,False,True
funds,0.049867324534272284,0.08468707075700434,0.027013556470234068,0.05767351428677027,3.1349841273332544,False,True
they,0.3871229952697486,0.3731434024685305,0.3154968554377582,0.05764654703077232,1.182716708699954,False,False
non,0.17828794005824244,0.16831170537049464,0.11095457077418194,0.0573571345963127,1.5169425125626204,False,False
created,0.09049889362022678,0.057940357401613615,0.0007227149847295507,0.05721764241688407,80.17041105532861,False,True
systems,0.10500656345277673,0.1142730552767062,0.05740870580404611,0.056864349472660086,1.9905178783642312,False,True
especially,0.0703162077094965,0.0661705298635213,0.009371757702556818,0.05679877216096448,7.060631736719842,False,True
member,0.0710030820142796,0.07676484552307311,0.01998533615264784,0.056779509370425266,3.8410585109374105,False,True
impacts,0.13981559359508405,0.09099135553424294,0.03422747462041019,0.05676388091383275,2.6584302973957614,False,True
multi,0.040596624370212685,0.05836540461826503,0.001822613321080321,0.05654279129718471,32.02292222009548,False,True
monitoring,0.06142160909021286,0.07624515079997303,0.019822509005797146,0.05642264179417589,3.846392541815717,False,True
could,0.16315344660875342,0.1375349019428568,0.0814290918912683,0.0561058100515885,1.6890143159953963,False,False
advance,0.09796041154342065,0.09809338279903942,0.042322392592260755,0.05577099020677867,2.317765532399914,False,True
families,0.1549260999631491,0.13242888208630627,0.07685464849861323,0.055574233587693034,1.7231082917345697,True,False
just,0.06562217785189361,0.05637245626640691,0.0011043771569176422,0.05526807910948927,51.0445692518166,True,False
continue,0.3366057596231157,0.260652537240624,0.20539708257537592,0.05525545466524806,1.2690177191049956,False,False
recommendations,0.08413637704114718,0.0669071789543269,0.011704905762998359,0.055202273191328546,5.716165538541491,False,True
territories,0.1586795749226353,0.15698311569962314,0.10185274121741598,0.05513037448220716,1.5412753139802615,False,False
diverse,0.06508346066259227,0.1001669625359369,0.04508122808565465,0.05508573445028225,2.2219217796289614,False,True
violent,0.03708343870095251,0.059625501525782124,0.004599636599008373,0.05502586492677375,12.963089635958777,False,True
actions,0.12201154138701976,0.10569713502158945,0.05083149226145572,0.05486564276013373,2.0793632120404424,False,True
called,0.043267663786158705,0.07371155016909964,0.01886167721255886,0.05484987295654078,3.908006130017936,False,True
limit,0.031445507372407505,0.054763251761912254,0.00015755177181285725,0.0546056999900994,347.58892985958295,True,False
business,0.11538331004389785,0.057630066962250995,0.0030933180705565305,0.054536748891694464,18.630501502835287,False,True
much,0.06742666410447902,0.06444673182764102,0.010058969405912183,0.05438776242172884,6.406892120554845,False,True
loss,0.07927765041954878,0.10210554765879318,0.0479536174334513,0.05415193022534188,2.129256417422365,False,True
threat,0.0633846815591837,0.05696281828202149,0.002835058645947349,0.054127759636074135,20.0922892242277,False,True
take,0.1737649032346415,0.11740240894340354,0.06341840673348421,0.05398400220991932,1.851235548013482,False,True
standards,0.11178402360316265,0.11200588430090173,0.05803044610090928,0.053975438199992454,1.9301227515317465,False,True
solutions,0.0740358317218245,0.061670956071236675,0.007734651005700815,0.05393630506553586,7.9733340296520385,False,True
keep,0.07486886293056537,0.06335369152944159,0.009550121060153955,0.05380357046928764,6.633810307784756,False,True
specific,0.11871684265014666,0.1055891107552937,0.05202448566491582,0.05356462509037788,2.029604125937581,False,True
law,0.20451135559559527,0.20804934805241293,0.15470149780698852,0.053347850245424405,1.3448437862701446,True,False
now,0.1274845312731777,0.07837942655091606,0.025100272911415786,0.05327915363950028,3.122652364280411,False,True
remote,0.045733718646372996,0.056758503146356235,0.0036311037687925037,0.05312739937756373,15.631198324368142,False,True
gender,0.06090334178621125,0.06781979894303386,0.014695976037624691,0.053123822905409165,4.614855030343093,True,False
delivery,0.059319583140995946,0.057520894507066864,0.004407212128179667,0.053113682378887195,13.051537533053805,False,True
invested,0.05999638709457317,0.056225360772508726,0.0031143048353053614,0.05311105593720336,18.0539040800082,False,True
challenges,0.12622606694078853,0.10207382309045535,0.04926436826303822,0.05280945482741713,2.0719604592400445,False,True
protections,0.030264187813025614,0.05429913331765839,0.0015158185739809768,0.052783314743677416,35.82165718886344,False,True
times,0.08161491962176973,0.059425510235146334,0.006818663342367998,0.052606846892778336,8.715126008040887,False,True
several,0.13462503630366568,0.10297504982733613,0.050769848546528794,0.052205201280807335,2.028271755291196,False,True
while,0.28888983431624354,0.285138845717681,0.23317931468362135,0.05195953103405965,1.222830790563728,False,False
activity,0.053338892515628636,0.05188631162887456,0.0,0.05188631162887456,518.8631162887456,False,True
increased,0.1200578161998984,0.13464264790691194,0.0827776241162826,0.051865023790629336,1.6265584974723541,False,False
consider,0.06130493017850461,0.07655039761265692,0.02474056184461144,0.05180983576804547,3.094125270616269,False,True
indigenous,0.21220952435169282,0.17245490064013888,0.12077469391331108,0.0516802067268278,1.427905921781284,False,False
close,0.07583973573798403,0.054603692966630396,0.002942493701405254,0.05166119926522514,18.55694472363804,False,True
subject,0.07702255620180172,0.053560598510157584,0.002352774104234486,0.0512078244059231,22.76487080241153,False,True
billion,0.15436914969135593,0.13585521188774602,0.08471272660607418,0.05114248528167184,1.6037166708078165,False,False
sexual,0.04393095131811184,0.06151717843044035,0.010409915987241058,0.05110726244319929,5.909478857066574,True,False
greater,0.0687256903567119,0.06278526832602571,0.011742074573488527,0.051043193752537186,5.347033689241205,False,True
technologies,0.04652788062880346,0.05269519389189256,0.0016542667713635214,0.05104092712052904,31.854108904369035,False,True
justice,0.1577433272402387,0.1666850323671167,0.1157093886639326,0.05097564370318411,1.4405488983373531,True,False
framework,0.10704526333266409,0.11084936768441211,0.06004367439136802,0.050805693293044095,1.846145639953507,False,True
fact,0.04948105386396115,0.05028551114844858,0.0,0.05028551114844858,502.85511148448575,False,True
targeted,0.07443628173912128,0.06277108895871321,0.012546252883746506,0.0502248360749667,5.003174217860081,False,True
regulation,0.03462317877711052,0.052508033822976474,0.0024661541857803407,0.050041879637196134,21.29146430735509,False,True
risks,0.08008963956346839,0.06966728072954004,0.019632258372677777,0.05003502235686226,3.5486126663092423,False,True
overall,0.04170697200767394,0.05140172180468624,0.0015079725630614575,0.049893749241624784,34.086642598013476,False,True
jurisdiction,0.09882699775954121,0.08261405224233823,0.03280579992965638,0.04980825231268184,2.5182758054820447,False,True
follow,0.03770769702337014,0.054935092116679435,0.005270107029014365,0.04966498508766507,10.423904450941217,False,True
serve,0.04576005531701457,0.052110940709812814,0.002446178492664706,0.049664762217148106,21.303000114699962,False,True
every,0.13490993940262724,0.1754336355445637,0.12579661493217098,0.049637020612392724,1.3945815285980214,False,False
provide,0.31658665047704015,0.25771550111987,0.20827519593059557,0.04944030518927445,1.2373797079790032,False,False
achieve,0.04688971467115617,0.053780070114068546,0.004355454187722291,0.049424615926346255,12.347752449255616,False,True
operating,0.03296301805826654,0.04939937783096515,0.00011869700467782244,0.04928068082628733,416.1804922124966,False,True
led,0.10918387312340465,0.10345386430828064,0.05428174890733062,0.049172115400950026,1.9058682962646667,False,True
promoting,0.06107267600285984,0.0811315216847672,0.03213113814070019,0.04900038354406701,2.525012382988037,False,True
foster,0.02270437861415947,0.04873728662776292,0.0,0.04873728662776292,487.3728662776292,False,True
price,0.02419368822651282,0.051690400517277996,0.003156826408714095,0.048533574108563904,16.37416627489936,True,False
maintain,0.07335683306454267,0.05428574871575932,0.005757303378943339,0.04852844533681598,9.429023475522078,False,True
projects,0.12825856048163822,0.09884718695659422,0.05047569778499743,0.048371489171596796,1.958312441318522,False,True
physical,0.09493240171481815,0.0712346788486623,0.02305012381192286,0.04818455503673944,3.09042499857704,True,False
clear,0.06039276426764111,0.055062906410439476,0.007004476728058261,0.048058429682381214,7.861102056327866,False,True
establishes,0.009219182454457419,0.05481512062475673,0.00681530748689374,0.04799981313786299,8.042941676537648,False,True
foundation,0.0436838761701937,0.04798626133726394,0.0,0.04798626133726394,479.8626133726394,False,True
integrated,0.03933266793226067,0.0479358870882982,0.0,0.0479358870882982,479.358870882982,False,True
matter,0.025265166229322504,0.04800359958310027,9.220968344163423e-05,0.04791138989965864,480.0359958310027,False,True
suffering,0.029137355708458833,0.05247869798741827,0.004604014521437055,0.04787468346598121,11.398464914276172,False,True
line,0.06893015165212522,0.09135099328867816,0.043595570524195465,0.04775542276448269,2.095419149016034,False,True
site,0.04981555521589916,0.04919745142807953,0.0015616712495579305,0.0476357801785216,31.50307815553759,False,True
group,0.09459033736824032,0.06914148501495714,0.021524858989933445,0.04761662602502369,3.212169011062633,False,True
human,0.23598834210889585,0.20709828894923527,0.15949224758008013,0.04760604136915514,1.2984849865210686,True,False
guidelines,0.05114594891617734,0.05853278831301052,0.010971285072465154,0.047561503240545366,5.335089547523598,False,True
dignity,0.02401194627732906,0.047517182248363675,0.0,0.047517182248363675,475.17182248363673,False,True
like,0.1353010924475189,0.14182471234166022,0.09453233978096096,0.047292372560699264,1.5002771820763086,True,False
comprehensive,0.10830164226381214,0.10097345606617528,0.053722804996523765,0.04725065106965151,1.8795268801156038,False,True
implementing,0.039585492761057266,0.04879663821416068,0.0016239128362851053,0.04717272537787558,30.048803805128372,False,True
around,0.12128967894292711,0.09411350372985489,0.04703731526800539,0.047076188461849494,2.00082643309089,False,True
march,0.12111349091116302,0.1139795288012763,0.06696105171441676,0.04701847708685955,1.7021765023552706,False,False
million,0.242522111468633,0.28953083377371713,0.24255481704665355,0.046976016727063585,1.1936717534578096,False,False
entry,0.029352319917402572,0.050789500865825024,0.004030313520680463,0.04675918734514456,12.601873428757452,False,True
critical,0.13291297415425157,0.13115650505649265,0.08444135131481388,0.04671515374167877,1.5532260322021083,False,False
system,0.24941472379370133,0.2081655927887714,0.1615208486789031,0.0466447441098683,1.288784664589004,False,False
context,0.05248160576319523,0.05291684727339413,0.006349201862883009,0.04656764541051112,8.334409334619258,False,True
understanding,0.0602688854513802,0.05046126059429982,0.003922357806094083,0.04653890278820574,12.865032485282,False,True
investment,0.10736285581980562,0.09748430080551808,0.05123369785650327,0.046250602949014806,1.9027379417069357,False,True
civil,0.08754220968250787,0.08719830944854665,0.04100026068187779,0.04619804876666886,2.126774513096901,False,True
preventing,0.06774379513052567,0.07691541973249241,0.030877871559859504,0.046037548172632906,2.4909560098203345,False,True
petitioners,0.0677979083566795,0.05108452195513366,0.005187019788271831,0.04589750216686183,9.848530377817122,False,True
factors,0.06464197526284576,0.05288682427412404,0.007012443982408129,0.045874380291715915,7.541853369067811,False,True
animals,0.027932653671108615,0.04848504418205848,0.002632364874532684,0.04585267930752579,18.418815967017448,True,False
universal,0.04224333527707071,0.04647766142436009,0.0006404864048806073,0.04583717501947948,72.56619511388999,False,True
upholding,0.004135611854436328,0.04583222130328231,0.0,0.04583222130328231,458.3222130328231,False,True
most,0.2977993644822834,0.29864917273787295,0.25303744134773565,0.0456117313901373,1.1802568471574748,False,False
profit,0.04750280821958275,0.053462687085428826,0.008089400309449556,0.045373286775979266,6.608980275457118,False,True
increasingly,0.029810416727353052,0.048592323078495425,0.00331639220700982,0.045275930871485605,14.652164172797896,False,True
behalf,0.022514626413995424,0.05484438616303605,0.009716134256876063,0.04512825190615999,5.644671503404035,False,True
delivered,0.04799480379485373,0.0490800518480236,0.0039851961211366535,0.04509485572688695,12.31559259724087,False,True
benefits,0.1183394585601363,0.11904654144761304,0.07413407634809459,0.04491246509951845,1.605827539937682,True,False
international,0.2623316754070067,0.2271665932533958,0.18228053986486442,0.04488605338853138,1.2462470948451663,False,False
generate,0.021673922293298096,0.04474100270438943,0.0,0.04474100270438943,447.4100270438943,False,True
direct,0.08085588732968849,0.05175216076963936,0.007115745411615375,0.044636415358023984,7.27290786502308,False,True
declaration,0.026575619739378213,0.052091376977100035,0.007520189506306495,0.04457118747079354,6.926870251529667,False,True
how,0.14006204162239974,0.08681705996734057,0.042334061295214005,0.044482998672126565,2.0507614273510657,False,True
generally,0.045857298559324675,0.046742035243318936,0.0022964372867795057,0.04444559795653943,20.354152718391614,False,True
pathways,0.020439267027919428,0.04622120017338246,0.0018020658963544185,0.04441913427702804,25.649006657796477,False,True
eligible,0.09929767693035185,0.07665939897988588,0.032416257440169155,0.04424314153971673,2.364844218101874,False,True
small,0.09100896155960889,0.056226672207300314,0.012033196524168475,0.04419347568313184,4.672629761707122,False,True
today,0.05119181751473893,0.05890713419526837,0.01516274421182516,0.04374438998344321,3.884991619744381,False,True
decisions,0.09614153994999763,0.08916223945860122,0.04546324501996049,0.043698994438640726,1.9611939143247434,False,True
young,0.05994722104449613,0.04506232728583443,0.0014657623055281729,0.04359656498030626,30.743270662562626,True,False
barrier,0.02624762286202078,0.05122667220730032,0.00786973269075422,0.043356939516546095,6.509328108117844,False,True
purpose,0.05465885497785711,0.04335048953525338,0.0,0.04335048953525338,433.5048953525338,False,True
immigration,0.057924890631373814,0.10350500870299059,0.06028280639456732,0.043222202308423274,1.7169905466165964,True,False
parties,0.04275684802000611,0.06641945018479874,0.023433240539593888,0.042986209645204845,2.8344116586254198,False,True
processes,0.0579459068292425,0.08934469567101982,0.04649718535794499,0.042847510313074835,1.921507613487264,False,True
helping,0.06560806342744788,0.049326010123158084,0.006480917040412747,0.04284509308274534,7.6109615067710665,True,False
authorities,0.06839087247346304,0.04839823366620543,0.005785937914152122,0.04261229575205331,8.364803491552461,False,True
accessing,0.03051132832382914,0.05072212910974451,0.008145056919418362,0.04257707219032615,6.227351093007043,False,True
provisions,0.047359082178951586,0.049432206878905545,0.006978875512617375,0.04245333136628817,7.083119162898833,False,True
unable,0.043526000972737566,0.04639143303246264,0.003966709394888931,0.04242472363757371,11.69519327335589,False,True
partnerships,0.04105988301001732,0.04488710660049333,0.002766890098024624,0.04212021650246871,16.222945259929098,False,True
account,0.06218409965544621,0.05424056924824352,0.012164696104266464,0.04207587314397705,4.458851152822469,False,True
achieving,0.0504975343530401,0.058990727626450676,0.016949677091322946,0.04204105053512773,3.4803452188861947,False,True
used,0.12998849144809071,0.09846427321074303,0.05648786185255465,0.04197641135818837,1.7431049783359784,False,False
strategies,0.03402852615706599,0.042458384042145275,0.0005416355022412316,0.04191674853990404,78.38921907160235,False,True
may,0.27650966924873005,0.2058323929223725,0.16404156949670132,0.04179082342567117,1.2547575200230667,False,False
passenger,0.024064961537148044,0.0530029124193884,0.011217748159612276,0.041785164259776124,4.72491552361792,False,True
offer,0.05254385995875598,0.07064481984913216,0.029047021009323184,0.04159779883980898,2.432084853949649,False,True
permanent,0.08400498044932278,0.07047654300402606,0.028929420842210674,0.041547122161815386,2.4361546464557744,False,True
pandemic,0.25114423852989265,0.0708226754951884,0.029419821991024706,0.0414028535041637,2.407311489403122,True,False
attention,0.018912742312083643,0.041277229635353206,0.0,0.041277229635353206,412.77229635353206,False,True
sets,0.016539225699923086,0.04113746811596619,0.0,0.04113746811596619,411.3746811596619,False,True
affordable,0.07727223460612383,0.09025013593306709,0.04913792422006332,0.04111221171300377,1.8366696877320958,False,True
receiving,0.047594844937192786,0.041084521955133665,0.0,0.041084521955133665,410.84521955133664,False,True
canadian,0.578545937580702,0.5587466729391418,0.5177275150492384,0.0410191578899034,1.0792292406672692,False,False
success,0.03956641875068247,0.047013375710074384,0.006046007614755207,0.04096736809531918,7.775937230932165,False,True
adults,0.017004600722680018,0.04090124523287595,1.0396933149262912e-06,0.04090020553956102,409.0124523287595,True,False
recent,0.09612987180100355,0.13831313693552505,0.09750353925441137,0.04080959768111368,1.41854478302199,False,False
regime,0.05452112497611526,0.06157466520186717,0.020808606820283647,0.04076605838158352,2.9590959997305495,True,False
innovative,0.045731808220248735,0.05054354259069055,0.009778890584120955,0.04076465200656959,5.168637705463602,False,True
abuse,0.04822653712495498,0.04309561697153524,0.0023373004694012918,0.04075831650213395,18.4382014788943,True,False
changing,0.04147320393256777,0.04143248920527483,0.0007616686101594387,0.04067082059511539,54.397002387431776,False,True
thousands,0.11298806116098886,0.08984159861036088,0.04933138360487466,0.040510215005486225,1.8211854613679075,False,True
stable,0.01398792601020937,0.041090864331850545,0.0006028586893765875,0.040488005642473957,68.16002664628151,False,True
municipal,0.04656545867006627,0.04259312186803752,0.0021566558558575363,0.040436466012179983,19.749614549003468,False,True
positive,0.036106840643255034,0.04040120915943675,0.0,0.04040120915943675,404.01209159436746,False,True
combat,0.0634752030985753,0.04036106063384626,0.0,0.04036106063384626,403.61060633846256,False,True
however,0.10547748258279345,0.06607925687640484,0.025725780032855736,0.040353476843549105,2.5686007107271993,False,True
unacceptable,0.032961060318232975,0.04068593422809126,0.00034713774011815423,0.04033879648797311,117.20400730339234,False,True
intent,0.01705878625927986,0.04755618258506576,0.007284855126013011,0.04027132745905275,6.528088995929448,False,True
those,0.3093207647568663,0.22728191125291594,0.18703337098711237,0.04024854026580357,1.2151944332360716,False,False
penalties,0.014151704477512222,0.04022576942777465,0.0,0.04022576942777465,402.2576942777465,False,True
released,0.07147016223633396,0.07456357018546558,0.034482531872996255,0.04008103831246933,2.162357754357862,False,True
equitable,0.039649593731480484,0.06037226345815472,0.02048233718661478,0.039889926271539936,2.9475280534688215,False,True
base,0.030148077065924574,0.04006603954453762,0.00028128254635531504,0.039784756998182305,142.44054621834357,False,True
leadership,0.056044477912255905,0.049278024606971976,0.009524760049932706,0.03975326455703927,5.173676223719687,False,True
some,0.165484978131607,0.15785046327219,0.11810692997078863,0.03974353330140136,1.33650466836477,False,False
focused,0.05643100331465437,0.046404293716553024,0.0067820480835618846,0.03962224563299114,6.842224228552182,False,True
aware,0.05104776031033028,0.04449396713126691,0.0049053360085450325,0.03958863112272187,9.070523824210817,False,True
air,0.08123200856088153,0.05706524457291885,0.017647169012662646,0.039418075560256206,3.233677001221666,True,False
relevant,0.06504748211810799,0.04035471825712937,0.0009661739815698244,0.039388544275559545,41.76754810925632,False,True
innovation,0.04837278607469189,0.06398546254772186,0.02487928056386828,0.039106181983853586,2.5718373320105874,False,True
atlantic,0.022460519569465143,0.0398669894876012,0.0008916650931024271,0.03897532439449877,44.71072131902063,False,True
territory,0.042565881780180476,0.048767372675881354,0.00980806847333801,0.03895930420254334,4.972168863670688,False,True
technology,0.07591346750081193,0.04305546844594474,0.004244621225772455,0.038810847220172286,10.143536055589816,False,True
build,0.11070724353524014,0.08798288681793175,0.049230716397836535,0.03875217042009521,1.7871543064077409,False,False
cases,0.08981644703607528,0.08066351989385498,0.04195549105954828,0.0387080288343067,1.9225974445005924,True,False
whether,0.07720468871625807,0.09889328772462544,0.060241047076920504,0.038652240647704936,1.6416263083599911,False,False
sold,0.02273480274960437,0.039984326018808775,0.0013738542181272076,0.03861047180068157,29.103761877525898,False,True
resolution,0.05283833749307816,0.04558330098200487,0.006990874858849048,0.038592426123155825,6.520400079012363,False,True
businesses,0.11463528220326961,0.04208239963966802,0.003529506691588146,0.03855289294807987,11.923025883464897,False,True
