source,mark,jump_month,jump_size,rel_jump,verdict
bluehouse,em_dash_rate,2021-07-01,0.016167787553664915,5.272842767558393,no coordinated jump
bluehouse,en_dash_rate,2021-12-01,-0.0038787354715168476,1.1347551066112798,no coordinated jump
bluehouse,curly_dq_open_rate,2020-02-01,-0.06728137532869974,0.42161523190018463,no coordinated jump
bluehouse,curly_dq_close_rate,2020-02-01,-0.061252211531003325,0.4030137226787193,no coordinated jump
bluehouse,curly_sq_rate,2019-06-01,0.08610795934995016,0.46473323978317677,no coordinated jump
bluehouse,ellipsis_char_rate,2019-12-01,-0.03284018238385518,1.3099128276732026,no coordinated jump
bluehouse,nbsp_rate,2021-06-01,-0.005561000357071558,3.2234010479236046,no coordinated jump
bluehouse,zwsp_rate,2022-02-01,-0.027383103035390377,1.2906150207359741,no coordinated jump
bluehouse,double_space_rate,2019-05-01,-0.47249469409386313,1.8047336942962302,no coordinated jump
canada,em_dash_rate,2024-05-01,0.02530610809723536,0.6705481134480809,no coordinated jump
canada,en_dash_rate,2024-04-01,0.02113020420074463,0.4494339130561854,no coordinated jump
canada,curly_dq_open_rate,2021-05-01,0.10155938317378363,0.5798734881625943,no coordinated jump
canada,curly_dq_close_rate,2021-05-01,0.10789290815591815,0.6210928697559687,no coordinated jump
canada,curly_sq_rate,2024-05-01,-0.17588388919830322,0.23549975268500195,no coordinated jump
canada,ellipsis_char_rate,2020-12-01,-0.02719700833161672,2.088794956134074,no coordinated jump
canada,nbsp_rate,2021-05-01,-0.14077502985795337,0.6589571862577952,no coordinated jump
canada,double_space_rate,2020-12-01,-0.09956144541501999,0.7119168662188461,no coordinated jump
changeorg_au,em_dash_rate,2024-09-01,0.016893986612558358,0.7597095805033675,no coordinated jump
changeorg_au,en_dash_rate,2024-09-01,0.010471568132440254,0.3480554314856371,no coordinated jump
changeorg_au,curly_dq_open_rate,2024-03-01,-0.0287465900182724,0.32731854896333035,no coordinated jump
changeorg_au,curly_dq_close_rate,2024-03-01,-0.025104038417339325,0.2947350153214687,no coordinated jump
changeorg_au,curly_sq_rate,2024-01-01,-0.15178705255190528,0.19740753929542243,no coordinated jump
changeorg_au,ellipsis_char_rate,2023-04-01,-0.024511147290468216,0.844487982111854,no coordinated jump
changeorg_au,nbsp_rate,2024-02-01,-0.635188102722168,0.2552501332173658,no coordinated jump
changeorg_au,zwsp_rate,2023-10-01,-0.03760662799080213,1.0518579355806175,no coordinated jump
changeorg_au,double_space_rate,2024-07-01,0.07565098504225415,0.2028125771237615,no coordinated jump
changeorg_other,em_dash_rate,2024-09-01,0.01801241934299469,0.625608819819651,no coordinated jump
changeorg_other,en_dash_rate,2023-12-01,0.009251752868294716,0.31603648914636634,no coordinated jump
changeorg_other,curly_dq_open_rate,2022-07-01,0.012347151835759476,0.23300664991557882,no coordinated jump
changeorg_other,curly_dq_close_rate,2023-11-01,-0.010389051089684166,0.1996439224047375,no coordinated jump
changeorg_other,curly_sq_rate,2023-11-01,-0.08370980123678845,0.2510534394215342,no coordinated jump
changeorg_other,ellipsis_char_rate,2023-11-01,-0.009805907340099413,0.6559030397457443,no coordinated jump
changeorg_other,nbsp_rate,2024-10-01,0.44504980246226,0.16493197724105024,no coordinated jump
changeorg_other,zwsp_rate,2023-01-01,-0.02340433249870936,0.4153720890575064,no coordinated jump
changeorg_other,double_space_rate,2023-11-01,-0.12351260085900623,0.2912727139729613,no coordinated jump
changeorg_treated,em_dash_rate,2024-10-01,0.011172287166118629,0.42154728978794065,no coordinated jump
changeorg_treated,en_dash_rate,2023-09-01,0.007010518883665402,0.2745148545469045,no coordinated jump
changeorg_treated,curly_dq_open_rate,2023-10-01,-0.01868293434381485,0.16266302046438283,no coordinated jump
changeorg_treated,curly_dq_close_rate,2023-10-01,-0.016200353701909392,0.1432262017130396,no coordinated jump
changeorg_treated,curly_sq_rate,2023-06-01,-0.16252847512563073,0.20288370419732785,no coordinated jump
changeorg_treated,ellipsis_char_rate,2022-04-01,-0.019372141609589257,0.6151573480309643,no coordinated jump
changeorg_treated,nbsp_rate,2023-11-01,-0.31489360332489014,0.14050970288274994,no coordinated jump
changeorg_treated,zwsp_rate,2023-07-01,-0.00893898929158847,0.1644464567140402,no coordinated jump
changeorg_treated,double_space_rate,2024-08-01,0.07125845551490784,0.2300833018934629,no coordinated jump
uk_2010,en_dash_rate,2013-12-01,0.010029925033450127,0.6019963644281038,no coordinated jump
uk_2010,curly_dq_open_rate,2013-12-01,-0.01095151218275229,0.48745949384145765,no coordinated jump
uk_2010,curly_dq_close_rate,2013-12-01,-0.011004520890613398,0.5042330970649457,no coordinated jump
uk_2010,curly_sq_rate,2012-02-01,0.02747981995344162,0.24298720706429536,no coordinated jump
uk_2010,ellipsis_char_rate,2013-11-01,0.007079927677599093,3.3790187446342723,no coordinated jump
uk_2010,nbsp_rate,2013-06-01,-0.009111443534493446,1.47801212966876,no coordinated jump
uk_2010,double_space_rate,2013-08-01,0.2665700316429138,0.2517342740234076,no coordinated jump
uk_2015,en_dash_rate,2016-09-01,0.006838662239412468,0.4123591462613011,no coordinated jump
uk_2015,curly_dq_open_rate,2016-12-01,0.011700768023729324,0.3927933795807925,no coordinated jump
uk_2015,curly_dq_close_rate,2016-04-01,0.008474959060549736,0.29943758898895656,no coordinated jump
uk_2015,curly_sq_rate,2016-06-01,-0.016878916571537658,0.16818361034347348,no coordinated jump
uk_2015,ellipsis_char_rate,2015-11-01,0.0043312255293130875,2.6120421977477486,no coordinated jump
uk_2015,nbsp_rate,2016-11-01,0.017232324462383986,2.1826574729193524,no coordinated jump
uk_2015,double_space_rate,2017-04-01,0.13644836346308398,0.1285819646814632,no coordinated jump
uk_2017,em_dash_rate,2019-09-01,-0.003007189875158171,1.086355981275597,no coordinated jump
uk_2017,en_dash_rate,2018-08-01,0.009353647318979103,0.44565511189724777,no coordinated jump
uk_2017,curly_dq_open_rate,2018-03-01,-0.01735825091600418,0.22946541145428273,no coordinated jump
uk_2017,curly_dq_close_rate,2018-11-01,-0.023686106006304428,0.31936180107547063,no coordinated jump
uk_2017,curly_sq_rate,2017-12-01,0.11852854986985523,0.1995014869276079,no coordinated jump
uk_2017,nbsp_rate,2019-06-01,0.012049930791060131,1.0393115016815584,no coordinated jump
uk_2017,zwsp_rate,2018-01-01,-0.007319068536162376,5.472421179264304,no coordinated jump
uk_2017,double_space_rate,2019-01-01,0.09373735388120019,0.1661138407733586,no coordinated jump
uk_2019,em_dash_rate,2021-03-01,0.004523083373593788,2.3644581944667316,no coordinated jump
uk_2019,en_dash_rate,2022-11-01,-0.007880037340025106,0.6175085253334146,no coordinated jump
uk_2019,curly_dq_open_rate,2022-07-01,-0.016409787659843765,0.34790893106120585,no coordinated jump
uk_2019,curly_dq_close_rate,2020-07-01,0.01667786389589309,0.3593373022226929,no coordinated jump
uk_2019,curly_sq_rate,2023-09-01,0.21247233947118122,0.3681819470398261,no coordinated jump
uk_2019,ellipsis_char_rate,2024-05-01,0.022158688244720302,3.4228853244082917,no coordinated jump
uk_2019,nbsp_rate,2022-12-01,0.009092739317566156,1.2146175295387398,no coordinated jump
uk_2019,double_space_rate,2024-05-01,-0.10734623670578003,0.2591216532653403,no coordinated jump
uk_current,em_dash_rate,2025-05-01,0.050577949732542024,0.5505398660522792,no coordinated jump
uk_current,en_dash_rate,2026-07-01,-0.022470061977704365,0.5191314451258098,no coordinated jump
uk_current,curly_dq_open_rate,2026-07-01,0.026287056505680084,0.37735507747332825,no coordinated jump
uk_current,curly_dq_close_rate,2026-07-01,0.024588659405708313,0.3464771699276089,no coordinated jump
uk_current,curly_sq_rate,2026-07-01,0.2085583209991455,0.3232386240918265,no coordinated jump
uk_current,ellipsis_char_rate,2025-04-01,-0.0033110175281763077,1.006235484081297,no coordinated jump
uk_current,nbsp_rate,2025-01-01,0.005274719248215358,2.137587487637877,no coordinated jump
uk_current,zwsp_rate,2026-05-01,0.05071862041950226,3.989603976407338,no coordinated jump
uk_current,double_space_rate,2025-01-01,-0.20956451694170636,0.5878025755648245,no coordinated jump
